lat,lon,category,source_dbz,recon_dbz,error_dbz
47.245,-103.145,1,16.5,16.5,0.0
47.245,-103.135,1,8.5,8.5,0.0
47.245,-103.125,2,,,
47.245,-103.115,2,,,
47.245,-103.105,2,,,
47.245,-103.095,2,,,
47.245,-103.085,2,,,
47.245,-103.075,2,,,
47.245,-103.065,2,,,
47.245,-103.055,1,17.5,17.5,0.0
47.245,-103.045,1,19.5,19.5,0.0
47.245,-103.035,1,21.5,21.5,0.0
47.245,-103.025,1,24.5,24.5,0.0
47.245,-103.015,1,26.5,26.5,0.0
47.245,-103.005,1,22.5,22.5,0.0
47.245,-102.995,1,25.5,25.5,0.0
47.245,-102.985,1,26.0,26.0,0.0
47.245,-102.975,1,24.0,24.0,0.0
47.245,-102.965,1,21.5,21.5,0.0
47.245,-102.955,1,20.5,20.5,0.0
47.245,-102.945,1,17.0,17.0,0.0
47.245,-102.935,1,18.0,18.0,0.0
47.245,-102.925,1,17.5,17.5,0.0
47.245,-102.915,1,13.5,13.5,0.0
47.245,-102.905,1,10.5,10.5,0.0
47.245,-102.895,1,12.5,12.5,0.0
47.245,-102.885,1,11.5,11.5,0.0
47.245,-102.875,2,,,
47.245,-102.865,1,11.0,11.0,0.0
47.245,-102.855,1,12.0,12.0,0.0
47.245,-102.845,2,,,
47.245,-102.835,2,,,
47.245,-102.825,2,,,
47.245,-102.815,2,,,
47.245,-102.805,2,,,
47.245,-102.795,2,,,
47.245,-102.785,2,,,
47.245,-102.775,2,,,
47.245,-102.765,2,,,
47.245,-102.755,2,,,
47.245,-102.745,2,,,
47.245,-102.735,2,,,
47.245,-102.725,2,,,
47.245,-102.715,2,,,
47.245,-102.705,2,,,
47.245,-102.695,2,,,
47.245,-102.685,2,,,
47.245,-102.675,2,,,
47.245,-102.665,2,,,
47.245,-102.655,2,,,
47.245,-102.645,2,,,
47.245,-102.635,2,,,
47.245,-102.625,2,,,
47.245,-102.615,2,,,
47.245,-102.605,2,,,
47.245,-102.595,2,,,
47.245,-102.585,2,,,
47.245,-102.575,2,,,
47.245,-102.565,2,,,
47.245,-102.555,2,,,
47.245,-102.545,2,,,
47.245,-102.535,2,,,
47.245,-102.525,2,,,
47.245,-102.515,2,,,
47.245,-102.505,2,,,
47.245,-102.495,2,,,
47.245,-102.485,2,,,
47.245,-102.475,2,,,
47.245,-102.465,2,,,
47.245,-102.455,2,,,
47.245,-102.445,2,,,
47.245,-102.435,2,,,
47.245,-102.425,2,,,
47.245,-102.415,2,,,
47.245,-102.405,2,,,
47.235,-103.145,1,9.5,9.5,0.0
47.235,-103.135,2,,,
47.235,-103.125,2,,,
47.235,-103.115,2,,,
47.235,-103.105,2,,,
47.235,-103.095,2,,,
47.235,-103.085,2,,,
47.235,-103.075,2,,,
47.235,-103.065,1,14.5,14.5,0.0
47.235,-103.055,1,21.0,21.0,0.0
47.235,-103.045,1,22.0,22.0,0.0
47.235,-103.035,1,20.0,20.0,0.0
47.235,-103.025,1,25.0,25.0,0.0
47.235,-103.015,1,25.0,25.0,0.0
47.235,-103.005,1,27.5,27.5,0.0
47.235,-102.995,1,27.5,27.5,0.0
47.235,-102.985,1,27.5,27.5,0.0
47.235,-102.975,1,25.0,25.0,0.0
47.235,-102.965,1,22.5,22.5,0.0
47.235,-102.955,1,19.0,19.0,0.0
47.235,-102.945,1,15.5,15.5,0.0
47.235,-102.935,1,15.0,15.0,0.0
47.235,-102.925,1,12.5,12.5,0.0
47.235,-102.915,2,,,
47.235,-102.905,2,,,
47.235,-102.895,2,,,
47.235,-102.885,2,,,
47.235,-102.875,1,9.0,9.0,0.0
47.235,-102.865,1,8.0,8.0,0.0
47.235,-102.855,2,,,
47.235,-102.845,2,,,
47.235,-102.835,2,,,
47.235,-102.825,2,,,
47.235,-102.815,2,,,
47.235,-102.805,2,,,
47.235,-102.795,2,,,
47.235,-102.785,2,,,
47.235,-102.775,2,,,
47.235,-102.765,2,,,
47.235,-102.755,2,,,
47.235,-102.745,2,,,
47.235,-102.735,2,,,
47.235,-102.725,2,,,
47.235,-102.715,2,,,
47.235,-102.705,2,,,
47.235,-102.695,2,,,
47.235,-102.685,2,,,
47.235,-102.675,2,,,
47.235,-102.665,2,,,
47.235,-102.655,2,,,
47.235,-102.645,2,,,
47.235,-102.635,2,,,
47.235,-102.625,2,,,
47.235,-102.615,2,,,
47.235,-102.605,2,,,
47.235,-102.595,2,,,
47.235,-102.585,2,,,
47.235,-102.575,2,,,
47.235,-102.565,2,,,
47.235,-102.555,2,,,
47.235,-102.545,2,,,
47.235,-102.535,2,,,
47.235,-102.525,2,,,
47.235,-102.515,2,,,
47.235,-102.505,2,,,
47.235,-102.495,2,,,
47.235,-102.485,2,,,
47.235,-102.475,2,,,
47.235,-102.465,2,,,
47.235,-102.455,2,,,
47.235,-102.445,2,,,
47.235,-102.435,2,,,
47.235,-102.425,2,,,
47.235,-102.415,2,,,
47.235,-102.405,2,,,
47.225,-103.145,2,,,
47.225,-103.135,2,,,
47.225,-103.125,2,,,
47.225,-103.115,2,,,
47.225,-103.105,2,,,
47.225,-103.095,2,,,
47.225,-103.085,2,,,
47.225,-103.075,1,17.5,17.5,0.0
47.225,-103.065,1,21.5,21.5,0.0
47.225,-103.055,1,20.5,20.5,0.0
47.225,-103.045,1,18.0,18.0,0.0
47.225,-103.035,1,22.5,22.5,0.0
47.225,-103.025,1,28.0,28.0,0.0
47.225,-103.015,1,30.0,30.0,0.0
47.225,-103.005,1,28.5,28.5,0.0
47.225,-102.995,1,27.0,27.0,0.0
47.225,-102.985,1,24.5,24.5,0.0
47.225,-102.975,1,24.0,24.0,0.0
47.225,-102.965,1,23.5,23.5,0.0
47.225,-102.955,1,20.5,20.5,0.0
47.225,-102.945,2,,,
47.225,-102.935,2,,,
47.225,-102.925,2,,,
47.225,-102.915,2,,,
47.225,-102.905,2,,,
47.225,-102.895,2,,,
47.225,-102.885,2,,,
47.225,-102.875,2,,,
47.225,-102.865,2,,,
47.225,-102.855,2,,,
47.225,-102.845,2,,,
47.225,-102.835,2,,,
47.225,-102.825,2,,,
47.225,-102.815,2,,,
47.225,-102.805,2,,,
47.225,-102.795,2,,,
47.225,-102.785,2,,,
47.225,-102.775,2,,,
47.225,-102.765,2,,,
47.225,-102.755,2,,,
47.225,-102.745,2,,,
47.225,-102.735,2,,,
47.225,-102.725,2,,,
47.225,-102.715,2,,,
47.225,-102.705,2,,,
47.225,-102.695,2,,,
47.225,-102.685,2,,,
47.225,-102.675,2,,,
47.225,-102.665,2,,,
47.225,-102.655,2,,,
47.225,-102.645,2,,,
47.225,-102.635,2,,,
47.225,-102.625,2,,,
47.225,-102.615,2,,,
47.225,-102.605,2,,,
47.225,-102.595,2,,,
47.225,-102.585,2,,,
47.225,-102.575,2,,,
47.225,-102.565,2,,,
47.225,-102.555,2,,,
47.225,-102.545,2,,,
47.225,-102.535,2,,,
47.225,-102.525,2,,,
47.225,-102.515,2,,,
47.225,-102.505,2,,,
47.225,-102.495,2,,,
47.225,-102.485,2,,,
47.225,-102.475,2,,,
47.225,-102.465,2,,,
47.225,-102.455,2,,,
47.225,-102.445,2,,,
47.225,-102.435,2,,,
47.225,-102.425,2,,,
47.225,-102.415,2,,,
47.225,-102.405,2,,,
47.215,-103.145,2,,,
47.215,-103.135,2,,,
47.215,-103.125,2,,,
47.215,-103.115,2,,,
47.215,-103.105,2,,,
47.215,-103.095,2,,,
47.215,-103.085,2,,,
47.215,-103.075,1,22.0,22.0,0.0
47.215,-103.065,1,24.5,24.5,0.0
47.215,-103.055,1,20.5,20.5,0.0
47.215,-103.045,1,17.0,17.0,0.0
47.215,-103.035,1,18.0,18.0,0.0
47.215,-103.025,1,24.0,24.0,0.0
47.215,-103.015,1,28.5,28.5,0.0
47.215,-103.005,1,25.0,25.0,0.0
47.215,-102.995,1,23.5,23.5,0.0
47.215,-102.985,1,21.0,21.0,0.0
47.215,-102.975,1,21.0,21.0,0.0
47.215,-102.965,1,18.5,18.5,0.0
47.215,-102.955,2,,,
47.215,-102.945,2,,,
47.215,-102.935,2,,,
47.215,-102.925,2,,,
47.215,-102.915,2,,,
47.215,-102.905,2,,,
47.215,-102.895,2,,,
47.215,-102.885,2,,,
47.215,-102.875,2,,,
47.215,-102.865,2,,,
47.215,-102.855,2,,,
47.215,-102.845,2,,,
47.215,-102.835,2,,,
47.215,-102.825,2,,,
47.215,-102.815,2,,,
47.215,-102.805,2,,,
47.215,-102.795,2,,,
47.215,-102.785,2,,,
47.215,-102.775,2,,,
47.215,-102.765,2,,,
47.215,-102.755,2,,,
47.215,-102.745,2,,,
47.215,-102.735,2,,,
47.215,-102.725,2,,,
47.215,-102.715,2,,,
47.215,-102.705,2,,,
47.215,-102.695,2,,,
47.215,-102.685,2,,,
47.215,-102.675,2,,,
47.215,-102.665,2,,,
47.215,-102.655,2,,,
47.215,-102.645,2,,,
47.215,-102.635,2,,,
47.215,-102.625,2,,,
47.215,-102.615,2,,,
47.215,-102.605,2,,,
47.215,-102.595,2,,,
47.215,-102.585,2,,,
47.215,-102.575,2,,,
47.215,-102.565,2,,,
47.215,-102.555,2,,,
47.215,-102.545,2,,,
47.215,-102.535,2,,,
47.215,-102.525,2,,,
47.215,-102.515,2,,,
47.215,-102.505,2,,,
47.215,-102.495,2,,,
47.215,-102.485,2,,,
47.215,-102.475,2,,,
47.215,-102.465,2,,,
47.215,-102.455,2,,,
47.215,-102.445,2,,,
47.215,-102.435,2,,,
47.215,-102.425,2,,,
47.215,-102.415,2,,,
47.215,-102.405,2,,,
47.205,-103.145,2,,,
47.205,-103.135,2,,,
47.205,-103.125,2,,,
47.205,-103.115,2,,,
47.205,-103.105,2,,,
47.205,-103.095,2,,,
47.205,-103.085,2,,,
47.205,-103.075,1,19.5,19.5,0.0
47.205,-103.065,1,19.0,19.0,0.0
47.205,-103.055,1,15.0,15.0,0.0
47.205,-103.045,1,11.0,11.0,0.0
47.205,-103.035,1,15.5,15.5,0.0
47.205,-103.025,1,22.0,22.0,0.0
47.205,-103.015,1,23.5,23.5,0.0
47.205,-103.005,1,23.5,23.5,0.0
47.205,-102.995,1,22.0,22.0,0.0
47.205,-102.985,1,21.0,21.0,0.0
47.205,-102.975,1,16.5,16.5,0.0
47.205,-102.965,2,,,
47.205,-102.955,2,,,
47.205,-102.945,2,,,
47.205,-102.935,2,,,
47.205,-102.925,2,,,
47.205,-102.915,2,,,
47.205,-102.905,2,,,
47.205,-102.895,2,,,
47.205,-102.885,2,,,
47.205,-102.875,2,,,
47.205,-102.865,2,,,
47.205,-102.855,2,,,
47.205,-102.845,2,,,
47.205,-102.835,2,,,
47.205,-102.825,2,,,
47.205,-102.815,2,,,
47.205,-102.805,2,,,
47.205,-102.795,2,,,
47.205,-102.785,2,,,
47.205,-102.775,2,,,
47.205,-102.765,2,,,
47.205,-102.755,2,,,
47.205,-102.745,2,,,
47.205,-102.735,2,,,
47.205,-102.725,2,,,
47.205,-102.715,2,,,
47.205,-102.705,2,,,
47.205,-102.695,2,,,
47.205,-102.685,2,,,
47.205,-102.675,2,,,
47.205,-102.665,2,,,
47.205,-102.655,2,,,
47.205,-102.645,2,,,
47.205,-102.635,2,,,
47.205,-102.625,2,,,
47.205,-102.615,2,,,
47.205,-102.605,2,,,
47.205,-102.595,2,,,
47.205,-102.585,2,,,
47.205,-102.575,2,,,
47.205,-102.565,2,,,
47.205,-102.555,2,,,
47.205,-102.545,2,,,
47.205,-102.535,2,,,
47.205,-102.525,2,,,
47.205,-102.515,2,,,
47.205,-102.505,2,,,
47.205,-102.495,2,,,
47.205,-102.485,2,,,
47.205,-102.475,2,,,
47.205,-102.465,2,,,
47.205,-102.455,2,,,
47.205,-102.445,2,,,
47.205,-102.435,2,,,
47.205,-102.425,2,,,
47.205,-102.415,2,,,
47.205,-102.405,2,,,
47.195,-103.145,2,,,
47.195,-103.135,2,,,
47.195,-103.125,2,,,
47.195,-103.115,2,,,
47.195,-103.105,2,,,
47.195,-103.095,2,,,
47.195,-103.085,2,,,
47.195,-103.075,2,,,
47.195,-103.065,2,,,
47.195,-103.055,1,13.5,13.5,0.0
47.195,-103.045,1,12.5,12.5,0.0
47.195,-103.035,1,17.5,17.5,0.0
47.195,-103.025,1,22.0,22.0,0.0
47.195,-103.015,1,17.5,17.5,0.0
47.195,-103.005,1,20.0,20.0,0.0
47.195,-102.995,1,15.0,15.0,0.0
47.195,-102.985,1,13.5,13.5,0.0
47.195,-102.975,2,,,
47.195,-102.965,2,,,
47.195,-102.955,2,,,
47.195,-102.945,2,,,
47.195,-102.935,2,,,
47.195,-102.925,2,,,
47.195,-102.915,2,,,
47.195,-102.905,2,,,
47.195,-102.895,2,,,
47.195,-102.885,2,,,
47.195,-102.875,2,,,
47.195,-102.865,2,,,
47.195,-102.855,2,,,
47.195,-102.845,2,,,
47.195,-102.835,2,,,
47.195,-102.825,2,,,
47.195,-102.815,2,,,
47.195,-102.805,2,,,
47.195,-102.795,2,,,
47.195,-102.785,2,,,
47.195,-102.775,2,,,
47.195,-102.765,2,,,
47.195,-102.755,2,,,
47.195,-102.745,2,,,
47.195,-102.735,2,,,
47.195,-102.725,2,,,
47.195,-102.715,2,,,
47.195,-102.705,2,,,
47.195,-102.695,2,,,
47.195,-102.685,2,,,
47.195,-102.675,2,,,
47.195,-102.665,2,,,
47.195,-102.655,2,,,
47.195,-102.645,2,,,
47.195,-102.635,2,,,
47.195,-102.625,2,,,
47.195,-102.615,2,,,
47.195,-102.605,2,,,
47.195,-102.595,2,,,
47.195,-102.585,2,,,
47.195,-102.575,2,,,
47.195,-102.565,2,,,
47.195,-102.555,2,,,
47.195,-102.545,2,,,
47.195,-102.535,2,,,
47.195,-102.525,2,,,
47.195,-102.515,2,,,
47.195,-102.505,2,,,
47.195,-102.495,2,,,
47.195,-102.485,2,,,
47.195,-102.475,2,,,
47.195,-102.465,2,,,
47.195,-102.455,2,,,
47.195,-102.445,1,6.5,6.5,0.0
47.195,-102.435,1,9.0,9.0,0.0
47.195,-102.425,2,,,
47.195,-102.415,2,,,
47.195,-102.405,2,,,
47.185,-103.145,2,,,
47.185,-103.135,2,,,
47.185,-103.125,2,,,
47.185,-103.115,2,,,
47.185,-103.105,2,,,
47.185,-103.095,2,,,
47.185,-103.085,2,,,
47.185,-103.075,2,,,
47.185,-103.065,2,,,
47.185,-103.055,2,,,
47.185,-103.045,2,,,
47.185,-103.035,1,7.0,7.0,0.0
47.185,-103.025,1,10.5,10.5,0.0
47.185,-103.015,2,,,
47.185,-103.005,2,,,
47.185,-102.995,1,14.0,14.0,0.0
47.185,-102.985,2,,,
47.185,-102.975,2,,,
47.185,-102.965,2,,,
47.185,-102.955,2,,,
47.185,-102.945,2,,,
47.185,-102.935,2,,,
47.185,-102.925,2,,,
47.185,-102.915,2,,,
47.185,-102.905,2,,,
47.185,-102.895,2,,,
47.185,-102.885,2,,,
47.185,-102.875,2,,,
47.185,-102.865,2,,,
47.185,-102.855,2,,,
47.185,-102.845,2,,,
47.185,-102.835,2,,,
47.185,-102.825,2,,,
47.185,-102.815,2,,,
47.185,-102.805,2,,,
47.185,-102.795,2,,,
47.185,-102.785,2,,,
47.185,-102.775,2,,,
47.185,-102.765,2,,,
47.185,-102.755,2,,,
47.185,-102.745,2,,,
47.185,-102.735,2,,,
47.185,-102.725,2,,,
47.185,-102.715,2,,,
47.185,-102.705,2,,,
47.185,-102.695,2,,,
47.185,-102.685,2,,,
47.185,-102.675,2,,,
47.185,-102.665,2,,,
47.185,-102.655,2,,,
47.185,-102.645,2,,,
47.185,-102.635,2,,,
47.185,-102.625,2,,,
47.185,-102.615,2,,,
47.185,-102.605,2,,,
47.185,-102.595,2,,,
47.185,-102.585,2,,,
47.185,-102.575,2,,,
47.185,-102.565,2,,,
47.185,-102.555,2,,,
47.185,-102.545,2,,,
47.185,-102.535,2,,,
47.185,-102.525,2,,,
47.185,-102.515,2,,,
47.185,-102.505,2,,,
47.185,-102.495,1,17.0,17.0,0.0
47.185,-102.485,2,,,
47.185,-102.475,2,,,
47.185,-102.465,1,10.0,10.0,0.0
47.185,-102.455,1,7.5,7.5,0.0
47.185,-102.445,1,9.0,9.0,0.0
47.185,-102.435,2,,,
47.185,-102.425,1,7.0,7.0,0.0
47.185,-102.415,1,10.0,10.0,0.0
47.185,-102.405,1,9.0,9.0,0.0
47.175,-103.145,2,,,
47.175,-103.135,2,,,
47.175,-103.125,2,,,
47.175,-103.115,2,,,
47.175,-103.105,2,,,
47.175,-103.095,2,,,
47.175,-103.085,2,,,
47.175,-103.075,2,,,
47.175,-103.065,2,,,
47.175,-103.055,2,,,
47.175,-103.045,2,,,
47.175,-103.035,2,,,
47.175,-103.025,2,,,
47.175,-103.015,2,,,
47.175,-103.005,2,,,
47.175,-102.995,2,,,
47.175,-102.985,2,,,
47.175,-102.975,2,,,
47.175,-102.965,2,,,
47.175,-102.955,2,,,
47.175,-102.945,2,,,
47.175,-102.935,2,,,
47.175,-102.925,2,,,
47.175,-102.915,2,,,
47.175,-102.905,2,,,
47.175,-102.895,2,,,
47.175,-102.885,2,,,
47.175,-102.875,2,,,
47.175,-102.865,2,,,
47.175,-102.855,2,,,
47.175,-102.845,2,,,
47.175,-102.835,2,,,
47.175,-102.825,2,,,
47.175,-102.815,2,,,
47.175,-102.805,2,,,
47.175,-102.795,2,,,
47.175,-102.785,2,,,
47.175,-102.775,2,,,
47.175,-102.765,2,,,
47.175,-102.755,2,,,
47.175,-102.745,2,,,
47.175,-102.735,2,,,
47.175,-102.725,2,,,
47.175,-102.715,2,,,
47.175,-102.705,2,,,
47.175,-102.695,2,,,
47.175,-102.685,2,,,
47.175,-102.675,2,,,
47.175,-102.665,2,,,
47.175,-102.655,2,,,
47.175,-102.645,2,,,
47.175,-102.635,2,,,
47.175,-102.625,2,,,
47.175,-102.615,2,,,
47.175,-102.605,2,,,
47.175,-102.595,2,,,
47.175,-102.585,2,,,
47.175,-102.575,2,,,
47.175,-102.565,2,,,
47.175,-102.555,2,,,
47.175,-102.545,2,,,
47.175,-102.535,2,,,
47.175,-102.525,2,,,
47.175,-102.515,2,,,
47.175,-102.505,2,,,
47.175,-102.495,1,15.0,15.0,0.0
47.175,-102.485,1,13.5,13.5,0.0
47.175,-102.475,1,16.0,16.0,0.0
47.175,-102.465,1,15.0,15.0,0.0
47.175,-102.455,1,16.5,16.5,0.0
47.175,-102.445,1,16.0,16.0,0.0
47.175,-102.435,1,7.0,7.0,0.0
47.175,-102.425,1,14.0,14.0,0.0
47.175,-102.415,1,13.0,13.0,0.0
47.175,-102.405,1,12.5,12.5,0.0
47.165,-103.145,2,,,
47.165,-103.135,2,,,
47.165,-103.125,2,,,
47.165,-103.115,2,,,
47.165,-103.105,2,,,
47.165,-103.095,2,,,
47.165,-103.085,2,,,
47.165,-103.075,2,,,
47.165,-103.065,2,,,
47.165,-103.055,2,,,
47.165,-103.045,2,,,
47.165,-103.035,2,,,
47.165,-103.025,2,,,
47.165,-103.015,2,,,
47.165,-103.005,2,,,
47.165,-102.995,2,,,
47.165,-102.985,2,,,
47.165,-102.975,2,,,
47.165,-102.965,2,,,
47.165,-102.955,2,,,
47.165,-102.945,2,,,
47.165,-102.935,2,,,
47.165,-102.925,2,,,
47.165,-102.915,2,,,
47.165,-102.905,2,,,
47.165,-102.895,2,,,
47.165,-102.885,2,,,
47.165,-102.875,2,,,
47.165,-102.865,2,,,
47.165,-102.855,2,,,
47.165,-102.845,2,,,
47.165,-102.835,2,,,
47.165,-102.825,2,,,
47.165,-102.815,2,,,
47.165,-102.805,2,,,
47.165,-102.795,2,,,
47.165,-102.785,2,,,
47.165,-102.775,2,,,
47.165,-102.765,2,,,
47.165,-102.755,2,,,
47.165,-102.745,2,,,
47.165,-102.735,2,,,
47.165,-102.725,2,,,
47.165,-102.715,2,,,
47.165,-102.705,2,,,
47.165,-102.695,2,,,
47.165,-102.685,2,,,
47.165,-102.675,2,,,
47.165,-102.665,2,,,
47.165,-102.655,2,,,
47.165,-102.645,2,,,
47.165,-102.635,2,,,
47.165,-102.625,2,,,
47.165,-102.615,2,,,
47.165,-102.605,2,,,
47.165,-102.595,2,,,
47.165,-102.585,1,10.5,10.5,0.0
47.165,-102.575,1,9.0,9.0,0.0
47.165,-102.565,1,14.0,14.0,0.0
47.165,-102.555,2,,,
47.165,-102.545,2,,,
47.165,-102.535,1,9.5,9.5,0.0
47.165,-102.525,1,13.5,13.5,0.0
47.165,-102.515,1,13.0,13.0,0.0
47.165,-102.505,1,15.0,15.0,0.0
47.165,-102.495,1,14.5,14.5,0.0
47.165,-102.485,1,14.0,14.0,0.0
47.165,-102.475,1,19.0,19.0,0.0
47.165,-102.465,1,16.0,16.0,0.0
47.165,-102.455,1,15.5,15.5,0.0
47.165,-102.445,1,18.5,18.5,0.0
47.165,-102.435,1,22.5,22.5,0.0
47.165,-102.425,1,21.0,21.0,0.0
47.165,-102.415,1,21.5,21.5,0.0
47.165,-102.405,1,14.5,14.5,0.0
47.155,-103.145,2,,,
47.155,-103.135,2,,,
47.155,-103.125,2,,,
47.155,-103.115,2,,,
47.155,-103.105,2,,,
47.155,-103.095,2,,,
47.155,-103.085,2,,,
47.155,-103.075,2,,,
47.155,-103.065,2,,,
47.155,-103.055,2,,,
47.155,-103.045,2,,,
47.155,-103.035,2,,,
47.155,-103.025,2,,,
47.155,-103.015,2,,,
47.155,-103.005,2,,,
47.155,-102.995,2,,,
47.155,-102.985,2,,,
47.155,-102.975,2,,,
47.155,-102.965,2,,,
47.155,-102.955,2,,,
47.155,-102.945,2,,,
47.155,-102.935,2,,,
47.155,-102.925,2,,,
47.155,-102.915,2,,,
47.155,-102.905,2,,,
47.155,-102.895,2,,,
47.155,-102.885,2,,,
47.155,-102.875,2,,,
47.155,-102.865,2,,,
47.155,-102.855,2,,,
47.155,-102.845,2,,,
47.155,-102.835,2,,,
47.155,-102.825,2,,,
47.155,-102.815,2,,,
47.155,-102.805,2,,,
47.155,-102.795,2,,,
47.155,-102.785,2,,,
47.155,-102.775,2,,,
47.155,-102.765,2,,,
47.155,-102.755,2,,,
47.155,-102.745,2,,,
47.155,-102.735,2,,,
47.155,-102.725,2,,,
47.155,-102.715,2,,,
47.155,-102.705,2,,,
47.155,-102.695,2,,,
47.155,-102.685,2,,,
47.155,-102.675,2,,,
47.155,-102.665,2,,,
47.155,-102.655,2,,,
47.155,-102.645,1,9.5,9.5,0.0
47.155,-102.635,1,13.0,13.0,0.0
47.155,-102.625,1,13.5,13.5,0.0
47.155,-102.615,2,,,
47.155,-102.605,1,11.0,11.0,0.0
47.155,-102.595,1,14.5,14.5,0.0
47.155,-102.585,1,17.5,17.5,0.0
47.155,-102.575,1,19.0,19.0,0.0
47.155,-102.565,1,18.0,18.0,0.0
47.155,-102.555,1,11.5,11.5,0.0
47.155,-102.545,1,14.0,14.0,0.0
47.155,-102.535,1,14.0,14.0,0.0
47.155,-102.525,1,11.0,11.0,0.0
47.155,-102.515,1,16.0,16.0,0.0
47.155,-102.505,1,15.0,15.0,0.0
47.155,-102.495,1,15.0,15.0,0.0
47.155,-102.485,1,16.5,16.5,0.0
47.155,-102.475,1,18.5,18.5,0.0
47.155,-102.465,1,19.5,19.5,0.0
47.155,-102.455,1,17.5,17.5,0.0
47.155,-102.445,1,19.5,19.5,0.0
47.155,-102.435,1,23.0,23.0,0.0
47.155,-102.425,1,22.0,22.0,0.0
47.155,-102.415,1,15.0,15.0,0.0
47.155,-102.405,1,19.0,19.0,0.0
47.145,-103.145,2,,,
47.145,-103.135,2,,,
47.145,-103.125,2,,,
47.145,-103.115,2,,,
47.145,-103.105,2,,,
47.145,-103.095,2,,,
47.145,-103.085,2,,,
47.145,-103.075,2,,,
47.145,-103.065,2,,,
47.145,-103.055,2,,,
47.145,-103.045,2,,,
47.145,-103.035,2,,,
47.145,-103.025,2,,,
47.145,-103.015,2,,,
47.145,-103.005,2,,,
47.145,-102.995,2,,,
47.145,-102.985,2,,,
47.145,-102.975,2,,,
47.145,-102.965,2,,,
47.145,-102.955,2,,,
47.145,-102.945,2,,,
47.145,-102.935,2,,,
47.145,-102.925,2,,,
47.145,-102.915,2,,,
47.145,-102.905,2,,,
47.145,-102.895,2,,,
47.145,-102.885,2,,,
47.145,-102.875,2,,,
47.145,-102.865,2,,,
47.145,-102.855,2,,,
47.145,-102.845,2,,,
47.145,-102.835,2,,,
47.145,-102.825,2,,,
47.145,-102.815,2,,,
47.145,-102.805,2,,,
47.145,-102.795,2,,,
47.145,-102.785,2,,,
47.145,-102.775,2,,,
47.145,-102.765,2,,,
47.145,-102.755,2,,,
47.145,-102.745,2,,,
47.145,-102.735,2,,,
47.145,-102.725,2,,,
47.145,-102.715,2,,,
47.145,-102.705,1,11.0,11.0,0.0
47.145,-102.695,2,,,
47.145,-102.685,2,,,
47.145,-102.675,2,,,
47.145,-102.665,1,13.5,13.5,0.0
47.145,-102.655,1,14.5,14.5,0.0
47.145,-102.645,1,19.5,19.5,0.0
47.145,-102.635,1,21.0,21.0,0.0
47.145,-102.625,1,13.5,13.5,0.0
47.145,-102.615,1,15.0,15.0,0.0
47.145,-102.605,1,18.5,18.5,0.0
47.145,-102.595,1,19.0,19.0,0.0
47.145,-102.585,1,25.0,25.0,0.0
47.145,-102.575,1,25.5,25.5,0.0
47.145,-102.565,1,19.0,19.0,0.0
47.145,-102.555,1,16.0,16.0,0.0
47.145,-102.545,1,17.5,17.5,0.0
47.145,-102.535,1,14.0,14.0,0.0
47.145,-102.525,1,15.0,15.0,0.0
47.145,-102.515,1,19.0,19.0,0.0
47.145,-102.505,1,16.0,16.0,0.0
47.145,-102.495,1,19.0,19.0,0.0
47.145,-102.485,1,16.0,16.0,0.0
47.145,-102.475,1,18.0,18.0,0.0
47.145,-102.465,1,21.0,21.0,0.0
47.145,-102.455,1,18.5,18.5,0.0
47.145,-102.445,1,19.5,19.5,0.0
47.145,-102.435,1,20.0,20.0,0.0
47.145,-102.425,1,22.0,22.0,0.0
47.145,-102.415,1,16.5,16.5,0.0
47.145,-102.405,1,17.5,17.5,0.0
47.135,-103.145,2,,,
47.135,-103.135,2,,,
47.135,-103.125,2,,,
47.135,-103.115,2,,,
47.135,-103.105,2,,,
47.135,-103.095,2,,,
47.135,-103.085,2,,,
47.135,-103.075,2,,,
47.135,-103.065,2,,,
47.135,-103.055,2,,,
47.135,-103.045,2,,,
47.135,-103.035,2,,,
47.135,-103.025,2,,,
47.135,-103.015,2,,,
47.135,-103.005,2,,,
47.135,-102.995,2,,,
47.135,-102.985,2,,,
47.135,-102.975,2,,,
47.135,-102.965,2,,,
47.135,-102.955,2,,,
47.135,-102.945,2,,,
47.135,-102.935,2,,,
47.135,-102.925,2,,,
47.135,-102.915,2,,,
47.135,-102.905,2,,,
47.135,-102.895,2,,,
47.135,-102.885,2,,,
47.135,-102.875,2,,,
47.135,-102.865,2,,,
47.135,-102.855,2,,,
47.135,-102.845,2,,,
47.135,-102.835,2,,,
47.135,-102.825,2,,,
47.135,-102.815,2,,,
47.135,-102.805,2,,,
47.135,-102.795,2,,,
47.135,-102.785,2,,,
47.135,-102.775,2,,,
47.135,-102.765,2,,,
47.135,-102.755,2,,,
47.135,-102.745,2,,,
47.135,-102.735,2,,,
47.135,-102.725,1,8.0,8.0,0.0
47.135,-102.715,1,11.5,11.5,0.0
47.135,-102.705,1,10.0,10.0,0.0
47.135,-102.695,1,14.5,14.5,0.0
47.135,-102.685,1,17.0,17.0,0.0
47.135,-102.675,1,19.0,19.0,0.0
47.135,-102.665,1,19.0,19.0,0.0
47.135,-102.655,1,22.0,22.0,0.0
47.135,-102.645,1,24.5,24.5,0.0
47.135,-102.635,1,24.0,24.0,0.0
47.135,-102.625,1,25.5,25.5,0.0
47.135,-102.615,1,26.5,26.5,0.0
47.135,-102.605,1,23.5,23.5,0.0
47.135,-102.595,1,26.5,26.5,0.0
47.135,-102.585,1,28.0,28.0,0.0
47.135,-102.575,1,27.5,27.5,0.0
47.135,-102.565,1,20.5,20.5,0.0
47.135,-102.555,1,19.0,19.0,0.0
47.135,-102.545,1,22.0,22.0,0.0
47.135,-102.535,1,18.0,18.0,0.0
47.135,-102.525,1,18.5,18.5,0.0
47.135,-102.515,1,20.5,20.5,0.0
47.135,-102.505,1,17.0,17.0,0.0
47.135,-102.495,1,18.0,18.0,0.0
47.135,-102.485,1,18.5,18.5,0.0
47.135,-102.475,1,14.5,14.5,0.0
47.135,-102.465,1,19.0,19.0,0.0
47.135,-102.455,1,19.0,19.0,0.0
47.135,-102.445,1,17.5,17.5,0.0
47.135,-102.435,1,17.5,17.5,0.0
47.135,-102.425,1,17.0,17.0,0.0
47.135,-102.415,1,13.0,13.0,0.0
47.135,-102.405,1,16.0,16.0,0.0
47.125,-103.145,2,,,
47.125,-103.135,2,,,
47.125,-103.125,2,,,
47.125,-103.115,2,,,
47.125,-103.105,2,,,
47.125,-103.095,2,,,
47.125,-103.085,2,,,
47.125,-103.075,2,,,
47.125,-103.065,2,,,
47.125,-103.055,2,,,
47.125,-103.045,2,,,
47.125,-103.035,2,,,
47.125,-103.025,2,,,
47.125,-103.015,2,,,
47.125,-103.005,2,,,
47.125,-102.995,2,,,
47.125,-102.985,2,,,
47.125,-102.975,2,,,
47.125,-102.965,2,,,
47.125,-102.955,2,,,
47.125,-102.945,2,,,
47.125,-102.935,2,,,
47.125,-102.925,2,,,
47.125,-102.915,2,,,
47.125,-102.905,2,,,
47.125,-102.895,2,,,
47.125,-102.885,2,,,
47.125,-102.875,2,,,
47.125,-102.865,2,,,
47.125,-102.855,2,,,
47.125,-102.845,2,,,
47.125,-102.835,2,,,
47.125,-102.825,2,,,
47.125,-102.815,2,,,
47.125,-102.805,2,,,
47.125,-102.795,2,,,
47.125,-102.785,2,,,
47.125,-102.775,2,,,
47.125,-102.765,2,,,
47.125,-102.755,2,,,
47.125,-102.745,1,9.0,9.0,0.0
47.125,-102.735,1,12.5,12.5,0.0
47.125,-102.725,1,10.5,10.5,0.0
47.125,-102.715,1,12.0,12.0,0.0
47.125,-102.705,1,15.5,15.5,0.0
47.125,-102.695,1,21.5,21.5,0.0
47.125,-102.685,1,24.0,24.0,0.0
47.125,-102.675,1,26.5,26.5,0.0
47.125,-102.665,1,22.5,22.5,0.0
47.125,-102.655,1,23.0,23.0,0.0
47.125,-102.645,1,28.0,28.0,0.0
47.125,-102.635,1,28.5,28.5,0.0
47.125,-102.625,1,31.0,31.0,0.0
47.125,-102.615,1,30.5,30.5,0.0
47.125,-102.605,1,25.0,25.0,0.0
47.125,-102.595,1,27.5,27.5,0.0
47.125,-102.585,1,26.5,26.5,0.0
47.125,-102.575,1,26.5,26.5,0.0
47.125,-102.565,1,24.5,24.5,0.0
47.125,-102.555,1,24.5,24.5,0.0
47.125,-102.545,1,25.5,25.5,0.0
47.125,-102.535,1,21.5,21.5,0.0
47.125,-102.525,1,20.5,20.5,0.0
47.125,-102.515,1,19.5,19.5,0.0
47.125,-102.505,1,20.0,20.0,0.0
47.125,-102.495,1,20.5,20.5,0.0
47.125,-102.485,1,16.5,16.5,0.0
47.125,-102.475,1,15.5,15.5,0.0
47.125,-102.465,1,16.5,16.5,0.0
47.125,-102.455,1,17.5,17.5,0.0
47.125,-102.445,1,14.5,14.5,0.0
47.125,-102.435,1,12.5,12.5,0.0
47.125,-102.425,1,8.5,8.5,0.0
47.125,-102.415,1,15.0,15.0,0.0
47.125,-102.405,1,14.0,14.0,0.0
47.115,-103.145,2,,,
47.115,-103.135,2,,,
47.115,-103.125,2,,,
47.115,-103.115,2,,,
47.115,-103.105,2,,,
47.115,-103.095,2,,,
47.115,-103.085,2,,,
47.115,-103.075,2,,,
47.115,-103.065,2,,,
47.115,-103.055,2,,,
47.115,-103.045,2,,,
47.115,-103.035,2,,,
47.115,-103.025,2,,,
47.115,-103.015,2,,,
47.115,-103.005,2,,,
47.115,-102.995,2,,,
47.115,-102.985,2,,,
47.115,-102.975,2,,,
47.115,-102.965,2,,,
47.115,-102.955,2,,,
47.115,-102.945,2,,,
47.115,-102.935,2,,,
47.115,-102.925,2,,,
47.115,-102.915,2,,,
47.115,-102.905,2,,,
47.115,-102.895,2,,,
47.115,-102.885,2,,,
47.115,-102.875,2,,,
47.115,-102.865,2,,,
47.115,-102.855,2,,,
47.115,-102.845,2,,,
47.115,-102.835,2,,,
47.115,-102.825,2,,,
47.115,-102.815,2,,,
47.115,-102.805,2,,,
47.115,-102.795,2,,,
47.115,-102.785,2,,,
47.115,-102.775,2,,,
47.115,-102.765,1,12.0,12.0,0.0
47.115,-102.755,1,11.0,11.0,0.0
47.115,-102.745,1,16.0,16.0,0.0
47.115,-102.735,1,13.5,13.5,0.0
47.115,-102.725,1,14.5,14.5,0.0
47.115,-102.715,1,19.5,19.5,0.0
47.115,-102.705,1,22.0,22.0,0.0
47.115,-102.695,1,30.0,30.0,0.0
47.115,-102.685,1,29.0,29.0,0.0
47.115,-102.675,1,31.5,31.5,0.0
47.115,-102.665,1,23.5,23.5,0.0
47.115,-102.655,1,28.0,28.0,0.0
47.115,-102.645,1,29.0,29.0,0.0
47.115,-102.635,1,32.0,32.0,0.0
47.115,-102.625,1,30.5,30.5,0.0
47.115,-102.615,1,29.5,29.5,0.0
47.115,-102.605,1,25.5,25.5,0.0
47.115,-102.595,1,25.5,25.5,0.0
47.115,-102.585,1,26.5,26.5,0.0
47.115,-102.575,1,25.5,25.5,0.0
47.115,-102.565,1,22.5,22.5,0.0
47.115,-102.555,1,25.5,25.5,0.0
47.115,-102.545,1,23.5,23.5,0.0
47.115,-102.535,1,20.0,20.0,0.0
47.115,-102.525,1,19.0,19.0,0.0
47.115,-102.515,1,18.0,18.0,0.0
47.115,-102.505,1,16.5,16.5,0.0
47.115,-102.495,1,14.0,14.0,0.0
47.115,-102.485,1,15.5,15.5,0.0
47.115,-102.475,1,13.0,13.0,0.0
47.115,-102.465,1,14.0,14.0,0.0
47.115,-102.455,1,15.0,15.0,0.0
47.115,-102.445,1,12.0,12.0,0.0
47.115,-102.435,1,11.0,11.0,0.0
47.115,-102.425,1,9.5,9.5,0.0
47.115,-102.415,1,8.0,8.0,0.0
47.115,-102.405,1,8.0,8.0,0.0
47.105,-103.145,2,,,
47.105,-103.135,2,,,
47.105,-103.125,2,,,
47.105,-103.115,2,,,
47.105,-103.105,2,,,
47.105,-103.095,2,,,
47.105,-103.085,2,,,
47.105,-103.075,2,,,
47.105,-103.065,2,,,
47.105,-103.055,2,,,
47.105,-103.045,2,,,
47.105,-103.035,2,,,
47.105,-103.025,2,,,
47.105,-103.015,2,,,
47.105,-103.005,2,,,
47.105,-102.995,2,,,
47.105,-102.985,2,,,
47.105,-102.975,2,,,
47.105,-102.965,2,,,
47.105,-102.955,2,,,
47.105,-102.945,2,,,
47.105,-102.935,2,,,
47.105,-102.925,2,,,
47.105,-102.915,2,,,
47.105,-102.905,2,,,
47.105,-102.895,2,,,
47.105,-102.885,2,,,
47.105,-102.875,2,,,
47.105,-102.865,2,,,
47.105,-102.855,2,,,
47.105,-102.845,2,,,
47.105,-102.835,2,,,
47.105,-102.825,2,,,
47.105,-102.815,2,,,
47.105,-102.805,2,,,
47.105,-102.795,2,,,
47.105,-102.785,2,,,
47.105,-102.775,2,,,
47.105,-102.765,1,18.5,18.5,0.0
47.105,-102.755,1,13.0,13.0,0.0
47.105,-102.745,1,15.0,15.0,0.0
47.105,-102.735,1,18.0,18.0,0.0
47.105,-102.725,1,20.5,20.5,0.0
47.105,-102.715,1,23.0,23.0,0.0
47.105,-102.705,1,28.0,28.0,0.0
47.105,-102.695,1,28.0,28.0,0.0
47.105,-102.685,1,31.0,31.0,0.0
47.105,-102.675,1,29.0,29.0,0.0
47.105,-102.665,1,28.0,28.0,0.0
47.105,-102.655,1,31.5,31.5,0.0
47.105,-102.645,1,29.5,29.5,0.0
47.105,-102.635,1,24.5,24.5,0.0
47.105,-102.625,1,26.0,26.0,0.0
47.105,-102.615,1,29.0,29.0,0.0
47.105,-102.605,1,27.0,27.0,0.0
47.105,-102.595,1,29.0,29.0,0.0
47.105,-102.585,1,23.0,23.0,0.0
47.105,-102.575,1,23.5,23.5,0.0
47.105,-102.565,1,23.0,23.0,0.0
47.105,-102.555,1,20.0,20.0,0.0
47.105,-102.545,1,19.0,19.0,0.0
47.105,-102.535,1,19.0,19.0,0.0
47.105,-102.525,1,16.5,16.5,0.0
47.105,-102.515,1,18.0,18.0,0.0
47.105,-102.505,1,13.0,13.0,0.0
47.105,-102.495,1,15.5,15.5,0.0
47.105,-102.485,1,13.5,13.5,0.0
47.105,-102.475,1,15.5,15.5,0.0
47.105,-102.465,1,14.5,14.5,0.0
47.105,-102.455,1,14.0,14.0,0.0
47.105,-102.445,1,8.0,8.0,0.0
47.105,-102.435,1,8.5,8.5,0.0
47.105,-102.425,1,7.5,7.5,0.0
47.105,-102.415,1,6.0,6.0,0.0
47.105,-102.405,2,,,
47.095,-103.145,2,,,
47.095,-103.135,2,,,
47.095,-103.125,2,,,
47.095,-103.115,2,,,
47.095,-103.105,2,,,
47.095,-103.095,2,,,
47.095,-103.085,2,,,
47.095,-103.075,2,,,
47.095,-103.065,2,,,
47.095,-103.055,2,,,
47.095,-103.045,2,,,
47.095,-103.035,2,,,
47.095,-103.025,2,,,
47.095,-103.015,2,,,
47.095,-103.005,2,,,
47.095,-102.995,2,,,
47.095,-102.985,2,,,
47.095,-102.975,2,,,
47.095,-102.965,2,,,
47.095,-102.955,2,,,
47.095,-102.945,2,,,
47.095,-102.935,2,,,
47.095,-102.925,2,,,
47.095,-102.915,2,,,
47.095,-102.905,2,,,
47.095,-102.895,2,,,
47.095,-102.885,2,,,
47.095,-102.875,2,,,
47.095,-102.865,2,,,
47.095,-102.855,2,,,
47.095,-102.845,2,,,
47.095,-102.835,2,,,
47.095,-102.825,2,,,
47.095,-102.815,2,,,
47.095,-102.805,2,,,
47.095,-102.795,2,,,
47.095,-102.785,1,17.0,17.0,0.0
47.095,-102.775,1,19.0,19.0,0.0
47.095,-102.765,1,19.0,19.0,0.0
47.095,-102.755,1,16.5,16.5,0.0
47.095,-102.745,1,18.5,18.5,0.0
47.095,-102.735,1,23.0,23.0,0.0
47.095,-102.725,1,24.5,24.5,0.0
47.095,-102.715,1,25.0,25.0,0.0
47.095,-102.705,1,28.0,28.0,0.0
47.095,-102.695,1,27.5,27.5,0.0
47.095,-102.685,1,32.0,32.0,0.0
47.095,-102.675,1,31.0,31.0,0.0
47.095,-102.665,1,27.0,27.0,0.0
47.095,-102.655,1,30.0,30.0,0.0
47.095,-102.645,1,28.5,28.5,0.0
47.095,-102.635,1,25.5,25.5,0.0
47.095,-102.625,1,25.0,25.0,0.0
47.095,-102.615,1,28.0,28.0,0.0
47.095,-102.605,1,24.5,24.5,0.0
47.095,-102.595,1,23.0,23.0,0.0
47.095,-102.585,1,22.5,22.5,0.0
47.095,-102.575,1,21.5,21.5,0.0
47.095,-102.565,1,18.5,18.5,0.0
47.095,-102.555,1,20.0,20.0,0.0
47.095,-102.545,1,16.5,16.5,0.0
47.095,-102.535,1,18.5,18.5,0.0
47.095,-102.525,1,17.0,17.0,0.0
47.095,-102.515,1,16.5,16.5,0.0
47.095,-102.505,1,17.0,17.0,0.0
47.095,-102.495,1,12.0,12.0,0.0
47.095,-102.485,1,13.0,13.0,0.0
47.095,-102.475,1,16.0,16.0,0.0
47.095,-102.465,1,14.5,14.5,0.0
47.095,-102.455,1,13.5,13.5,0.0
47.095,-102.445,1,8.5,8.5,0.0
47.095,-102.435,1,5.5,5.5,0.0
47.095,-102.425,1,7.5,7.5,0.0
47.095,-102.415,2,,,
47.095,-102.405,2,,,
47.085,-103.145,2,,,
47.085,-103.135,2,,,
47.085,-103.125,2,,,
47.085,-103.115,2,,,
47.085,-103.105,2,,,
47.085,-103.095,2,,,
47.085,-103.085,2,,,
47.085,-103.075,2,,,
47.085,-103.065,2,,,
47.085,-103.055,2,,,
47.085,-103.045,2,,,
47.085,-103.035,2,,,
47.085,-103.025,2,,,
47.085,-103.015,2,,,
47.085,-103.005,2,,,
47.085,-102.995,2,,,
47.085,-102.985,2,,,
47.085,-102.975,2,,,
47.085,-102.965,2,,,
47.085,-102.955,2,,,
47.085,-102.945,2,,,
47.085,-102.935,2,,,
47.085,-102.925,2,,,
47.085,-102.915,2,,,
47.085,-102.905,2,,,
47.085,-102.895,2,,,
47.085,-102.885,2,,,
47.085,-102.875,2,,,
47.085,-102.865,2,,,
47.085,-102.855,2,,,
47.085,-102.845,2,,,
47.085,-102.835,2,,,
47.085,-102.825,2,,,
47.085,-102.815,2,,,
47.085,-102.805,2,,,
47.085,-102.795,2,,,
47.085,-102.785,1,19.0,19.0,0.0
47.085,-102.775,1,19.0,19.0,0.0
47.085,-102.765,1,23.5,23.5,0.0
47.085,-102.755,1,21.0,21.0,0.0
47.085,-102.745,1,22.5,22.5,0.0
47.085,-102.735,1,22.5,22.5,0.0
47.085,-102.725,1,24.5,24.5,0.0
47.085,-102.715,1,21.0,21.0,0.0
47.085,-102.705,1,30.0,30.0,0.0
47.085,-102.695,1,26.5,26.5,0.0
47.085,-102.685,1,26.5,26.5,0.0
47.085,-102.675,1,28.0,28.0,0.0
47.085,-102.665,1,27.5,27.5,0.0
47.085,-102.655,1,26.0,26.0,0.0
47.085,-102.645,1,25.5,25.5,0.0
47.085,-102.635,1,25.0,25.0,0.0
47.085,-102.625,1,24.5,24.5,0.0
47.085,-102.615,1,23.0,23.0,0.0
47.085,-102.605,1,22.5,22.5,0.0
47.085,-102.595,1,20.5,20.5,0.0
47.085,-102.585,1,23.5,23.5,0.0
47.085,-102.575,1,23.0,23.0,0.0
47.085,-102.565,1,20.5,20.5,0.0
47.085,-102.555,1,20.0,20.0,0.0
47.085,-102.545,1,15.5,15.5,0.0
47.085,-102.535,1,18.5,18.5,0.0
47.085,-102.525,1,19.5,19.5,0.0
47.085,-102.515,1,20.5,20.5,0.0
47.085,-102.505,1,16.0,16.0,0.0
47.085,-102.495,1,15.0,15.0,0.0
47.085,-102.485,1,16.5,16.5,0.0
47.085,-102.475,1,16.5,16.5,0.0
47.085,-102.465,1,10.0,10.0,0.0
47.085,-102.455,1,8.0,8.0,0.0
47.085,-102.445,1,10.0,10.0,0.0
47.085,-102.435,2,,,
47.085,-102.425,2,,,
47.085,-102.415,2,,,
47.085,-102.405,2,,,
47.075,-103.145,2,,,
47.075,-103.135,2,,,
47.075,-103.125,2,,,
47.075,-103.115,2,,,
47.075,-103.105,2,,,
47.075,-103.095,2,,,
47.075,-103.085,2,,,
47.075,-103.075,2,,,
47.075,-103.065,2,,,
47.075,-103.055,2,,,
47.075,-103.045,2,,,
47.075,-103.035,2,,,
47.075,-103.025,2,,,
47.075,-103.015,2,,,
47.075,-103.005,2,,,
47.075,-102.995,2,,,
47.075,-102.985,2,,,
47.075,-102.975,2,,,
47.075,-102.965,2,,,
47.075,-102.955,2,,,
47.075,-102.945,2,,,
47.075,-102.935,2,,,
47.075,-102.925,2,,,
47.075,-102.915,2,,,
47.075,-102.905,2,,,
47.075,-102.895,2,,,
47.075,-102.885,2,,,
47.075,-102.875,2,,,
47.075,-102.865,2,,,
47.075,-102.855,2,,,
47.075,-102.845,2,,,
47.075,-102.835,2,,,
47.075,-102.825,2,,,
47.075,-102.815,2,,,
47.075,-102.805,2,,,
47.075,-102.795,2,,,
47.075,-102.785,1,19.0,19.0,0.0
47.075,-102.775,1,21.5,21.5,0.0
47.075,-102.765,1,22.0,22.0,0.0
47.075,-102.755,1,20.5,20.5,0.0
47.075,-102.745,1,22.5,22.5,0.0
47.075,-102.735,1,22.5,22.5,0.0
47.075,-102.725,1,24.0,24.0,0.0
47.075,-102.715,1,22.0,22.0,0.0
47.075,-102.705,1,24.5,24.5,0.0
47.075,-102.695,1,24.5,24.5,0.0
47.075,-102.685,1,28.0,28.0,0.0
47.075,-102.675,1,25.0,25.0,0.0
47.075,-102.665,1,29.0,29.0,0.0
47.075,-102.655,1,27.5,27.5,0.0
47.075,-102.645,1,27.5,27.5,0.0
47.075,-102.635,1,25.5,25.5,0.0
47.075,-102.625,1,24.0,24.0,0.0
47.075,-102.615,1,22.0,22.0,0.0
47.075,-102.605,1,22.0,22.0,0.0
47.075,-102.595,1,21.5,21.5,0.0
47.075,-102.585,1,22.0,22.0,0.0
47.075,-102.575,1,21.5,21.5,0.0
47.075,-102.565,1,21.5,21.5,0.0
47.075,-102.555,1,22.0,22.0,0.0
47.075,-102.545,1,19.0,19.0,0.0
47.075,-102.535,1,16.5,16.5,0.0
47.075,-102.525,1,19.5,19.5,0.0
47.075,-102.515,1,19.5,19.5,0.0
47.075,-102.505,1,18.0,18.0,0.0
47.075,-102.495,1,13.5,13.5,0.0
47.075,-102.485,1,17.0,17.0,0.0
47.075,-102.475,1,12.0,12.0,0.0
47.075,-102.465,1,11.5,11.5,0.0
47.075,-102.455,1,9.0,9.0,0.0
47.075,-102.445,2,,,
47.075,-102.435,2,,,
47.075,-102.425,2,,,
47.075,-102.415,2,,,
47.075,-102.405,2,,,
47.065,-103.145,2,,,
47.065,-103.135,2,,,
47.065,-103.125,2,,,
47.065,-103.115,2,,,
47.065,-103.105,2,,,
47.065,-103.095,2,,,
47.065,-103.085,2,,,
47.065,-103.075,2,,,
47.065,-103.065,2,,,
47.065,-103.055,2,,,
47.065,-103.045,2,,,
47.065,-103.035,2,,,
47.065,-103.025,2,,,
47.065,-103.015,2,,,
47.065,-103.005,2,,,
47.065,-102.995,2,,,
47.065,-102.985,2,,,
47.065,-102.975,2,,,
47.065,-102.965,2,,,
47.065,-102.955,2,,,
47.065,-102.945,2,,,
47.065,-102.935,2,,,
47.065,-102.925,2,,,
47.065,-102.915,2,,,
47.065,-102.905,2,,,
47.065,-102.895,2,,,
47.065,-102.885,2,,,
47.065,-102.875,2,,,
47.065,-102.865,2,,,
47.065,-102.855,2,,,
47.065,-102.845,2,,,
47.065,-102.835,2,,,
47.065,-102.825,2,,,
47.065,-102.815,2,,,
47.065,-102.805,2,,,
47.065,-102.795,1,8.0,8.0,0.0
47.065,-102.785,1,15.0,15.0,0.0
47.065,-102.775,1,16.0,16.0,0.0
47.065,-102.765,1,17.0,17.0,0.0
47.065,-102.755,1,20.0,20.0,0.0
47.065,-102.745,1,22.0,22.0,0.0
47.065,-102.735,1,22.0,22.0,0.0
47.065,-102.725,1,22.0,22.0,0.0
47.065,-102.715,1,23.5,23.5,0.0
47.065,-102.705,1,23.5,23.5,0.0
47.065,-102.695,1,25.5,25.5,0.0
47.065,-102.685,1,27.5,27.5,0.0
47.065,-102.675,1,26.5,26.5,0.0
47.065,-102.665,1,29.5,29.5,0.0
47.065,-102.655,1,27.5,27.5,0.0
47.065,-102.645,1,26.0,26.0,0.0
47.065,-102.635,1,27.0,27.0,0.0
47.065,-102.625,1,24.0,24.0,0.0
47.065,-102.615,1,23.5,23.5,0.0
47.065,-102.605,1,23.5,23.5,0.0
47.065,-102.595,1,25.0,25.0,0.0
47.065,-102.585,1,24.5,24.5,0.0
47.065,-102.575,1,20.0,20.0,0.0
47.065,-102.565,1,24.0,24.0,0.0
47.065,-102.555,1,21.5,21.5,0.0
47.065,-102.545,1,18.5,18.5,0.0
47.065,-102.535,1,19.0,19.0,0.0
47.065,-102.525,1,16.0,16.0,0.0
47.065,-102.515,1,17.0,17.0,0.0
47.065,-102.505,1,16.5,16.5,0.0
47.065,-102.495,1,14.5,14.5,0.0
47.065,-102.485,1,12.5,12.5,0.0
47.065,-102.475,1,9.5,9.5,0.0
47.065,-102.465,1,12.0,12.0,0.0
47.065,-102.455,1,12.0,12.0,0.0
47.065,-102.445,2,,,
47.065,-102.435,2,,,
47.065,-102.425,2,,,
47.065,-102.415,2,,,
47.065,-102.405,2,,,
47.055,-103.145,2,,,
47.055,-103.135,2,,,
47.055,-103.125,2,,,
47.055,-103.115,2,,,
47.055,-103.105,2,,,
47.055,-103.095,2,,,
47.055,-103.085,2,,,
47.055,-103.075,2,,,
47.055,-103.065,2,,,
47.055,-103.055,2,,,
47.055,-103.045,2,,,
47.055,-103.035,2,,,
47.055,-103.025,2,,,
47.055,-103.015,2,,,
47.055,-103.005,2,,,
47.055,-102.995,2,,,
47.055,-102.985,2,,,
47.055,-102.975,2,,,
47.055,-102.965,2,,,
47.055,-102.955,2,,,
47.055,-102.945,2,,,
47.055,-102.935,2,,,
47.055,-102.925,2,,,
47.055,-102.915,2,,,
47.055,-102.905,2,,,
47.055,-102.895,2,,,
47.055,-102.885,2,,,
47.055,-102.875,2,,,
47.055,-102.865,2,,,
47.055,-102.855,2,,,
47.055,-102.845,2,,,
47.055,-102.835,2,,,
47.055,-102.825,2,,,
47.055,-102.815,2,,,
47.055,-102.805,2,,,
47.055,-102.795,1,9.5,9.5,0.0
47.055,-102.785,1,15.5,15.5,0.0
47.055,-102.775,1,16.5,16.5,0.0
47.055,-102.765,1,17.0,17.0,0.0
47.055,-102.755,1,21.5,21.5,0.0
47.055,-102.745,1,22.0,22.0,0.0
47.055,-102.735,1,21.5,21.5,0.0
47.055,-102.725,1,25.0,25.0,0.0
47.055,-102.715,1,24.5,24.5,0.0
47.055,-102.705,1,30.0,30.0,0.0
47.055,-102.695,1,30.5,30.5,0.0
47.055,-102.685,1,30.0,30.0,0.0
47.055,-102.675,1,33.5,33.5,0.0
47.055,-102.665,1,27.0,27.0,0.0
47.055,-102.655,1,26.5,26.5,0.0
47.055,-102.645,1,26.5,26.5,0.0
47.055,-102.635,1,27.0,27.0,0.0
47.055,-102.625,1,23.5,23.5,0.0
47.055,-102.615,1,25.0,25.0,0.0
47.055,-102.605,1,23.5,23.5,0.0
47.055,-102.595,1,24.5,24.5,0.0
47.055,-102.585,1,24.5,24.5,0.0
47.055,-102.575,1,23.5,23.5,0.0
47.055,-102.565,1,21.0,21.0,0.0
47.055,-102.555,1,19.5,19.5,0.0
47.055,-102.545,1,17.0,17.0,0.0
47.055,-102.535,1,20.5,20.5,0.0
47.055,-102.525,1,14.5,14.5,0.0
47.055,-102.515,1,13.5,13.5,0.0
47.055,-102.505,1,16.0,16.0,0.0
47.055,-102.495,1,17.5,17.5,0.0
47.055,-102.485,1,15.0,15.0,0.0
47.055,-102.475,1,12.5,12.5,0.0
47.055,-102.465,1,13.5,13.5,0.0
47.055,-102.455,1,10.5,10.5,0.0
47.055,-102.445,2,,,
47.055,-102.435,2,,,
47.055,-102.425,2,,,
47.055,-102.415,2,,,
47.055,-102.405,2,,,
47.045,-103.145,2,,,
47.045,-103.135,2,,,
47.045,-103.125,2,,,
47.045,-103.115,2,,,
47.045,-103.105,2,,,
47.045,-103.095,2,,,
47.045,-103.085,2,,,
47.045,-103.075,2,,,
47.045,-103.065,2,,,
47.045,-103.055,2,,,
47.045,-103.045,2,,,
47.045,-103.035,2,,,
47.045,-103.025,2,,,
47.045,-103.015,1,12.5,12.5,0.0
47.045,-103.005,1,13.0,13.0,0.0
47.045,-102.995,2,,,
47.045,-102.985,2,,,
47.045,-102.975,2,,,
47.045,-102.965,2,,,
47.045,-102.955,2,,,
47.045,-102.945,2,,,
47.045,-102.935,2,,,
47.045,-102.925,2,,,
47.045,-102.915,2,,,
47.045,-102.905,2,,,
47.045,-102.895,2,,,
47.045,-102.885,2,,,
47.045,-102.875,2,,,
47.045,-102.865,2,,,
47.045,-102.855,2,,,
47.045,-102.845,2,,,
47.045,-102.835,2,,,
47.045,-102.825,2,,,
47.045,-102.815,2,,,
47.045,-102.805,1,10.5,10.5,0.0
47.045,-102.795,1,13.5,13.5,0.0
47.045,-102.785,1,19.5,19.5,0.0
47.045,-102.775,1,17.0,17.0,0.0
47.045,-102.765,1,18.0,18.0,0.0
47.045,-102.755,1,22.5,22.5,0.0
47.045,-102.745,1,22.5,22.5,0.0
47.045,-102.735,1,23.0,23.0,0.0
47.045,-102.725,1,24.5,24.5,0.0
47.045,-102.715,1,26.5,26.5,0.0
47.045,-102.705,1,30.5,30.5,0.0
47.045,-102.695,1,30.5,30.5,0.0
47.045,-102.685,1,31.5,31.5,0.0
47.045,-102.675,1,35.5,35.5,0.0
47.045,-102.665,1,35.0,35.0,0.0
47.045,-102.655,1,33.5,33.5,0.0
47.045,-102.645,1,32.0,32.0,0.0
47.045,-102.635,1,31.0,31.0,0.0
47.045,-102.625,1,25.5,25.5,0.0
47.045,-102.615,1,26.5,26.5,0.0
47.045,-102.605,1,22.0,22.0,0.0
47.045,-102.595,1,26.0,26.0,0.0
47.045,-102.585,1,24.5,24.5,0.0
47.045,-102.575,1,21.5,21.5,0.0
47.045,-102.565,1,20.5,20.5,0.0
47.045,-102.555,1,20.0,20.0,0.0
47.045,-102.545,1,17.5,17.5,0.0
47.045,-102.535,1,19.0,19.0,0.0
47.045,-102.525,1,14.0,14.0,0.0
47.045,-102.515,1,12.0,12.0,0.0
47.045,-102.505,1,10.0,10.0,0.0
47.045,-102.495,1,14.5,14.5,0.0
47.045,-102.485,1,12.5,12.5,0.0
47.045,-102.475,1,10.5,10.5,0.0
47.045,-102.465,1,8.5,8.5,0.0
47.045,-102.455,2,,,
47.045,-102.445,2,,,
47.045,-102.435,2,,,
47.045,-102.425,2,,,
47.045,-102.415,2,,,
47.045,-102.405,2,,,
47.035,-103.145,2,,,
47.035,-103.135,2,,,
47.035,-103.125,2,,,
47.035,-103.115,2,,,
47.035,-103.105,2,,,
47.035,-103.095,2,,,
47.035,-103.085,2,,,
47.035,-103.075,2,,,
47.035,-103.065,2,,,
47.035,-103.055,2,,,
47.035,-103.045,2,,,
47.035,-103.035,2,,,
47.035,-103.025,2,,,
47.035,-103.015,1,12.5,12.5,0.0
47.035,-103.005,1,13.0,13.0,0.0
47.035,-102.995,1,13.5,13.5,0.0
47.035,-102.985,1,11.5,11.5,0.0
47.035,-102.975,2,,,
47.035,-102.965,2,,,
47.035,-102.955,2,,,
47.035,-102.945,2,,,
47.035,-102.935,2,,,
47.035,-102.925,2,,,
47.035,-102.915,2,,,
47.035,-102.905,2,,,
47.035,-102.895,2,,,
47.035,-102.885,2,,,
47.035,-102.875,2,,,
47.035,-102.865,2,,,
47.035,-102.855,2,,,
47.035,-102.845,2,,,
47.035,-102.835,2,,,
47.035,-102.825,1,10.5,10.5,0.0
47.035,-102.815,1,12.5,12.5,0.0
47.035,-102.805,1,17.0,17.0,0.0
47.035,-102.795,1,15.0,15.0,0.0
47.035,-102.785,1,19.5,19.5,0.0
47.035,-102.775,1,18.0,18.0,0.0
47.035,-102.765,1,22.5,22.5,0.0
47.035,-102.755,1,23.0,23.0,0.0
47.035,-102.745,1,24.0,24.0,0.0
47.035,-102.735,1,25.0,25.0,0.0
47.035,-102.725,1,26.0,26.0,0.0
47.035,-102.715,1,28.5,28.5,0.0
47.035,-102.705,1,29.0,29.0,0.0
47.035,-102.695,1,30.0,30.0,0.0
47.035,-102.685,1,32.5,32.5,0.0
47.035,-102.675,1,35.0,35.0,0.0
47.035,-102.665,1,36.5,36.5,0.0
47.035,-102.655,1,32.5,32.5,0.0
47.035,-102.645,1,32.5,32.5,0.0
47.035,-102.635,1,29.5,29.5,0.0
47.035,-102.625,1,26.5,26.5,0.0
47.035,-102.615,1,24.5,24.5,0.0
47.035,-102.605,1,22.5,22.5,0.0
47.035,-102.595,1,23.0,23.0,0.0
47.035,-102.585,1,20.5,20.5,0.0
47.035,-102.575,1,26.0,26.0,0.0
47.035,-102.565,1,27.5,27.5,0.0
47.035,-102.555,1,26.0,26.0,0.0
47.035,-102.545,1,24.5,24.5,0.0
47.035,-102.535,1,23.5,23.5,0.0
47.035,-102.525,1,14.0,14.0,0.0
47.035,-102.515,1,12.5,12.5,0.0
47.035,-102.505,1,10.0,10.0,0.0
47.035,-102.495,1,15.0,15.0,0.0
47.035,-102.485,1,13.0,13.0,0.0
47.035,-102.475,1,10.0,10.0,0.0
47.035,-102.465,1,6.0,6.0,0.0
47.035,-102.455,2,,,
47.035,-102.445,2,,,
47.035,-102.435,2,,,
47.035,-102.425,2,,,
47.035,-102.415,2,,,
47.035,-102.405,2,,,
47.025,-103.145,2,,,
47.025,-103.135,2,,,
47.025,-103.125,2,,,
47.025,-103.115,2,,,
47.025,-103.105,2,,,
47.025,-103.095,2,,,
47.025,-103.085,2,,,
47.025,-103.075,2,,,
47.025,-103.065,2,,,
47.025,-103.055,2,,,
47.025,-103.045,2,,,
47.025,-103.035,2,,,
47.025,-103.025,2,,,
47.025,-103.015,1,11.5,11.5,0.0
47.025,-103.005,1,13.0,13.0,0.0
47.025,-102.995,1,12.5,12.5,0.0
47.025,-102.985,2,,,
47.025,-102.975,2,,,
47.025,-102.965,2,,,
47.025,-102.955,2,,,
47.025,-102.945,2,,,
47.025,-102.935,2,,,
47.025,-102.925,2,,,
47.025,-102.915,2,,,
47.025,-102.905,2,,,
47.025,-102.895,2,,,
47.025,-102.885,2,,,
47.025,-102.875,2,,,
47.025,-102.865,2,,,
47.025,-102.855,2,,,
47.025,-102.845,1,14.0,14.0,0.0
47.025,-102.835,1,23.0,23.0,0.0
47.025,-102.825,1,22.0,22.0,0.0
47.025,-102.815,1,12.5,12.5,0.0
47.025,-102.805,1,18.5,18.5,0.0
47.025,-102.795,1,21.5,21.5,0.0
47.025,-102.785,1,25.0,25.0,0.0
47.025,-102.775,1,24.5,24.5,0.0
47.025,-102.765,1,24.5,24.5,0.0
47.025,-102.755,1,26.0,26.0,0.0
47.025,-102.745,1,29.0,29.0,0.0
47.025,-102.735,1,29.0,29.0,0.0
47.025,-102.725,1,28.5,28.5,0.0
47.025,-102.715,1,31.0,31.0,0.0
47.025,-102.705,1,29.5,29.5,0.0
47.025,-102.695,1,30.5,30.5,0.0
47.025,-102.685,1,31.0,31.0,0.0
47.025,-102.675,1,36.0,36.0,0.0
47.025,-102.665,1,39.0,39.0,0.0
47.025,-102.655,1,36.5,36.5,0.0
47.025,-102.645,1,33.0,33.0,0.0
47.025,-102.635,1,34.0,34.0,0.0
47.025,-102.625,1,29.0,29.0,0.0
47.025,-102.615,1,23.0,23.0,0.0
47.025,-102.605,1,22.0,22.0,0.0
47.025,-102.595,1,23.0,23.0,0.0
47.025,-102.585,1,21.0,21.0,0.0
47.025,-102.575,1,26.5,26.5,0.0
47.025,-102.565,1,27.5,27.5,0.0
47.025,-102.555,1,26.5,26.5,0.0
47.025,-102.545,1,25.0,25.0,0.0
47.025,-102.535,1,22.0,22.0,0.0
47.025,-102.525,1,20.5,20.5,0.0
47.025,-102.515,1,21.5,21.5,0.0
47.025,-102.505,1,23.5,23.5,0.0
47.025,-102.495,1,24.5,24.5,0.0
47.025,-102.485,1,20.5,20.5,0.0
47.025,-102.475,1,14.0,14.0,0.0
47.025,-102.465,1,12.0,12.0,0.0
47.025,-102.455,2,,,
47.025,-102.445,2,,,
47.025,-102.435,2,,,
47.025,-102.425,2,,,
47.025,-102.415,2,,,
47.025,-102.405,2,,,
47.015,-103.145,2,,,
47.015,-103.135,2,,,
47.015,-103.125,2,,,
47.015,-103.115,2,,,
47.015,-103.105,2,,,
47.015,-103.095,2,,,
47.015,-103.085,2,,,
47.015,-103.075,2,,,
47.015,-103.065,2,,,
47.015,-103.055,1,10.5,10.5,0.0
47.015,-103.045,1,13.0,13.0,0.0
47.015,-103.035,1,12.5,12.5,0.0
47.015,-103.025,1,19.0,19.0,0.0
47.015,-103.015,1,16.0,16.0,0.0
47.015,-103.005,1,16.0,16.0,0.0
47.015,-102.995,1,19.0,19.0,0.0
47.015,-102.985,1,14.0,14.0,0.0
47.015,-102.975,1,12.5,12.5,0.0
47.015,-102.965,2,,,
47.015,-102.955,2,,,
47.015,-102.945,2,,,
47.015,-102.935,2,,,
47.015,-102.925,2,,,
47.015,-102.915,2,,,
47.015,-102.905,2,,,
47.015,-102.895,2,,,
47.015,-102.885,2,,,
47.015,-102.875,2,,,
47.015,-102.865,2,,,
47.015,-102.855,2,,,
47.015,-102.845,1,19.5,19.5,0.0
47.015,-102.835,1,21.0,21.0,0.0
47.015,-102.825,1,24.0,24.0,0.0
47.015,-102.815,1,26.5,26.5,0.0
47.015,-102.805,1,31.0,31.0,0.0
47.015,-102.795,1,29.0,29.0,0.0
47.015,-102.785,1,33.0,33.0,0.0
47.015,-102.775,1,33.5,33.5,0.0
47.015,-102.765,1,34.0,34.0,0.0
47.015,-102.755,1,31.0,31.0,0.0
47.015,-102.745,1,31.5,31.5,0.0
47.015,-102.735,1,29.0,29.0,0.0
47.015,-102.725,1,28.5,28.5,0.0
47.015,-102.715,1,31.0,31.0,0.0
47.015,-102.705,1,28.0,28.0,0.0
47.015,-102.695,1,33.5,33.5,0.0
47.015,-102.685,1,33.5,33.5,0.0
47.015,-102.675,1,40.5,40.5,0.0
47.015,-102.665,1,42.0,42.0,0.0
47.015,-102.655,1,39.5,39.5,0.0
47.015,-102.645,1,36.0,36.0,0.0
47.015,-102.635,1,38.0,38.0,0.0
47.015,-102.625,1,29.0,29.0,0.0
47.015,-102.615,1,26.5,26.5,0.0
47.015,-102.605,1,23.5,23.5,0.0
47.015,-102.595,1,22.0,22.0,0.0
47.015,-102.585,1,30.5,30.5,0.0
47.015,-102.575,1,39.5,39.5,0.0
47.015,-102.565,1,35.0,35.0,0.0
47.015,-102.555,1,32.0,32.0,0.0
47.015,-102.545,1,32.5,32.5,0.0
47.015,-102.535,1,20.5,20.5,0.0
47.015,-102.525,1,21.5,21.5,0.0
47.015,-102.515,1,21.5,21.5,0.0
47.015,-102.505,1,23.0,23.0,0.0
47.015,-102.495,1,24.0,24.0,0.0
47.015,-102.485,1,19.5,19.5,0.0
47.015,-102.475,1,13.0,13.0,0.0
47.015,-102.465,2,,,
47.015,-102.455,2,,,
47.015,-102.445,2,,,
47.015,-102.435,2,,,
47.015,-102.425,2,,,
47.015,-102.415,2,,,
47.015,-102.405,2,,,
47.005,-103.145,2,,,
47.005,-103.135,2,,,
47.005,-103.125,2,,,
47.005,-103.115,2,,,
47.005,-103.105,2,,,
47.005,-103.095,2,,,
47.005,-103.085,2,,,
47.005,-103.075,2,,,
47.005,-103.065,1,9.0,9.0,0.0
47.005,-103.055,1,14.5,14.5,0.0
47.005,-103.045,1,17.0,17.0,0.0
47.005,-103.035,1,15.5,15.5,0.0
47.005,-103.025,1,21.5,21.5,0.0
47.005,-103.015,1,19.0,19.0,0.0
47.005,-103.005,1,16.0,16.0,0.0
47.005,-102.995,1,19.0,19.0,0.0
47.005,-102.985,1,13.5,13.5,0.0
47.005,-102.975,1,13.0,13.0,0.0
47.005,-102.965,2,,,
47.005,-102.955,2,,,
47.005,-102.945,2,,,
47.005,-102.935,2,,,
47.005,-102.925,2,,,
47.005,-102.915,2,,,
47.005,-102.905,2,,,
47.005,-102.895,2,,,
47.005,-102.885,2,,,
47.005,-102.875,2,,,
47.005,-102.865,2,,,
47.005,-102.855,2,,,
47.005,-102.845,1,20.0,20.0,0.0
47.005,-102.835,1,21.5,21.5,0.0
47.005,-102.825,1,24.0,24.0,0.0
47.005,-102.815,1,26.5,26.5,0.0
47.005,-102.805,1,32.0,32.0,0.0
47.005,-102.795,1,30.0,30.0,0.0
47.005,-102.785,1,33.5,33.5,0.0
47.005,-102.775,1,33.5,33.5,0.0
47.005,-102.765,1,34.5,34.5,0.0
47.005,-102.755,1,31.5,31.5,0.0
47.005,-102.745,1,31.5,31.5,0.0
47.005,-102.735,1,27.5,27.5,0.0
47.005,-102.725,1,31.0,31.0,0.0
47.005,-102.715,1,32.0,32.0,0.0
47.005,-102.705,1,34.0,34.0,0.0
47.005,-102.695,1,35.5,35.5,0.0
47.005,-102.685,1,37.0,37.0,0.0
47.005,-102.675,1,38.5,38.5,0.0
47.005,-102.665,1,39.0,39.0,0.0
47.005,-102.655,1,39.5,39.5,0.0
47.005,-102.645,1,35.5,35.5,0.0
47.005,-102.635,1,37.0,37.0,0.0
47.005,-102.625,1,35.0,35.0,0.0
47.005,-102.615,1,28.5,28.5,0.0
47.005,-102.605,1,25.5,25.5,0.0
47.005,-102.595,1,28.0,28.0,0.0
47.005,-102.585,1,43.0,43.0,0.0
47.005,-102.575,1,48.5,48.5,0.0
47.005,-102.565,1,38.5,38.5,0.0
47.005,-102.555,1,34.5,34.5,0.0
47.005,-102.545,1,32.5,32.5,0.0
47.005,-102.535,1,24.5,24.5,0.0
47.005,-102.525,1,24.5,24.5,0.0
47.005,-102.515,1,27.5,27.5,0.0
47.005,-102.505,1,26.0,26.0,0.0
47.005,-102.495,1,23.0,23.0,0.0
47.005,-102.485,1,16.5,16.5,0.0
47.005,-102.475,1,16.0,16.0,0.0
47.005,-102.465,2,,,
47.005,-102.455,2,,,
47.005,-102.445,2,,,
47.005,-102.435,2,,,
47.005,-102.425,2,,,
47.005,-102.415,2,,,
47.005,-102.405,2,,,
46.995,-103.145,2,,,
46.995,-103.135,2,,,
46.995,-103.125,1,9.5,9.5,0.0
46.995,-103.115,1,10.5,10.5,0.0
46.995,-103.105,2,,,
46.995,-103.095,2,,,
46.995,-103.085,2,,,
46.995,-103.075,2,,,
46.995,-103.065,2,,,
46.995,-103.055,1,6.0,6.0,0.0
46.995,-103.045,1,16.0,16.0,0.0
46.995,-103.035,1,18.5,18.5,0.0
46.995,-103.025,1,21.5,21.5,0.0
46.995,-103.015,1,21.0,21.0,0.0
46.995,-103.005,1,19.5,19.5,0.0
46.995,-102.995,1,19.5,19.5,0.0
46.995,-102.985,1,14.0,14.0,0.0
46.995,-102.975,1,14.0,14.0,0.0
46.995,-102.965,1,13.5,13.5,0.0
46.995,-102.955,2,,,
46.995,-102.945,2,,,
46.995,-102.935,2,,,
46.995,-102.925,2,,,
46.995,-102.915,2,,,
46.995,-102.905,2,,,
46.995,-102.895,2,,,
46.995,-102.885,2,,,
46.995,-102.875,2,,,
46.995,-102.865,1,12.0,12.0,0.0
46.995,-102.855,1,21.5,21.5,0.0
46.995,-102.845,1,28.5,28.5,0.0
46.995,-102.835,1,29.5,29.5,0.0
46.995,-102.825,1,30.0,30.0,0.0
46.995,-102.815,1,32.0,32.0,0.0
46.995,-102.805,1,36.0,36.0,0.0
46.995,-102.795,1,34.5,34.5,0.0
46.995,-102.785,1,38.0,38.0,0.0
46.995,-102.775,1,39.0,39.0,0.0
46.995,-102.765,1,33.5,33.5,0.0
46.995,-102.755,1,32.5,32.5,0.0
46.995,-102.745,1,29.5,29.5,0.0
46.995,-102.735,1,29.5,29.5,0.0
46.995,-102.725,1,31.0,31.0,0.0
46.995,-102.715,1,33.5,33.5,0.0
46.995,-102.705,1,34.5,34.5,0.0
46.995,-102.695,1,35.5,35.5,0.0
46.995,-102.685,1,37.5,37.5,0.0
46.995,-102.675,1,41.0,41.0,0.0
46.995,-102.665,1,39.0,39.0,0.0
46.995,-102.655,1,39.0,39.0,0.0
46.995,-102.645,1,33.5,33.5,0.0
46.995,-102.635,1,33.0,33.0,0.0
46.995,-102.625,1,26.5,26.5,0.0
46.995,-102.615,1,20.0,20.0,0.0
46.995,-102.605,1,21.0,21.0,0.0
46.995,-102.595,1,34.0,34.0,0.0
46.995,-102.585,1,38.0,38.0,0.0
46.995,-102.575,1,41.5,41.5,0.0
46.995,-102.565,1,24.5,24.5,0.0
46.995,-102.555,1,32.0,32.0,0.0
46.995,-102.545,1,25.0,25.0,0.0
46.995,-102.535,1,30.0,30.0,0.0
46.995,-102.525,1,23.0,23.0,0.0
46.995,-102.515,1,22.0,22.0,0.0
46.995,-102.505,1,21.0,21.0,0.0
46.995,-102.495,1,18.0,18.0,0.0
46.995,-102.485,1,15.0,15.0,0.0
46.995,-102.475,1,11.5,11.5,0.0
46.995,-102.465,2,,,
46.995,-102.455,2,,,
46.995,-102.445,2,,,
46.995,-102.435,2,,,
46.995,-102.425,2,,,
46.995,-102.415,2,,,
46.995,-102.405,2,,,
46.985,-103.145,2,,,
46.985,-103.135,2,,,
46.985,-103.125,1,9.5,9.5,0.0
46.985,-103.115,1,10.5,10.5,0.0
46.985,-103.105,2,,,
46.985,-103.095,2,,,
46.985,-103.085,2,,,
46.985,-103.075,2,,,
46.985,-103.065,2,,,
46.985,-103.055,1,6.0,6.0,0.0
46.985,-103.045,2,,,
46.985,-103.035,1,16.0,16.0,0.0
46.985,-103.025,1,18.0,18.0,0.0
46.985,-103.015,1,19.5,19.5,0.0
46.985,-103.005,1,21.0,21.0,0.0
46.985,-102.995,1,21.5,21.5,0.0
46.985,-102.985,1,21.5,21.5,0.0
46.985,-102.975,1,17.5,17.5,0.0
46.985,-102.965,2,,,
46.985,-102.955,2,,,
46.985,-102.945,2,,,
46.985,-102.935,2,,,
46.985,-102.925,2,,,
46.985,-102.915,2,,,
46.985,-102.905,2,,,
46.985,-102.895,2,,,
46.985,-102.885,1,13.5,13.5,0.0
46.985,-102.875,1,14.0,14.0,0.0
46.985,-102.865,1,20.5,20.5,0.0
46.985,-102.855,1,32.5,32.5,0.0
46.985,-102.845,1,37.5,37.5,0.0
46.985,-102.835,1,36.0,36.0,0.0
46.985,-102.825,1,39.5,39.5,0.0
46.985,-102.815,1,41.5,41.5,0.0
46.985,-102.805,1,42.0,42.0,0.0
46.985,-102.795,1,34.5,34.5,0.0
46.985,-102.785,1,39.5,39.5,0.0
46.985,-102.775,1,36.5,36.5,0.0
46.985,-102.765,1,35.0,35.0,0.0
46.985,-102.755,1,35.0,35.0,0.0
46.985,-102.745,1,33.0,33.0,0.0
46.985,-102.735,1,32.5,32.5,0.0
46.985,-102.725,1,31.5,31.5,0.0
46.985,-102.715,1,33.5,33.5,0.0
46.985,-102.705,1,37.0,37.0,0.0
46.985,-102.695,1,37.5,37.5,0.0
46.985,-102.685,1,38.0,38.0,0.0
46.985,-102.675,1,36.5,36.5,0.0
46.985,-102.665,1,39.5,39.5,0.0
46.985,-102.655,1,38.0,38.0,0.0
46.985,-102.645,1,32.0,32.0,0.0
46.985,-102.635,1,31.5,31.5,0.0
46.985,-102.625,1,24.5,24.5,0.0
46.985,-102.615,1,20.0,20.0,0.0
46.985,-102.605,1,23.5,23.5,0.0
46.985,-102.595,1,34.5,34.5,0.0
46.985,-102.585,1,40.0,40.0,0.0
46.985,-102.575,1,35.5,35.5,0.0
46.985,-102.565,1,24.0,24.0,0.0
46.985,-102.555,1,27.5,27.5,0.0
46.985,-102.545,1,26.0,26.0,0.0
46.985,-102.535,1,27.5,27.5,0.0
46.985,-102.525,1,26.0,26.0,0.0
46.985,-102.515,1,27.0,27.0,0.0
46.985,-102.505,1,25.0,25.0,0.0
46.985,-102.495,1,20.5,20.5,0.0
46.985,-102.485,1,17.0,17.0,0.0
46.985,-102.475,2,,,
46.985,-102.465,2,,,
46.985,-102.455,2,,,
46.985,-102.445,2,,,
46.985,-102.435,2,,,
46.985,-102.425,2,,,
46.985,-102.415,2,,,
46.985,-102.405,2,,,
46.975,-103.145,2,,,
46.975,-103.135,2,,,
46.975,-103.125,1,9.5,9.5,0.0
46.975,-103.115,1,11.0,11.0,0.0
46.975,-103.105,2,,,
46.975,-103.095,2,,,
46.975,-103.085,2,,,
46.975,-103.075,2,,,
46.975,-103.065,1,11.5,11.5,0.0
46.975,-103.055,1,6.5,6.5,0.0
46.975,-103.045,2,,,
46.975,-103.035,1,17.0,17.0,0.0
46.975,-103.025,1,19.5,19.5,0.0
46.975,-103.015,1,18.0,18.0,0.0
46.975,-103.005,1,20.5,20.5,0.0
46.975,-102.995,1,21.5,21.5,0.0
46.975,-102.985,1,21.5,21.5,0.0
46.975,-102.975,1,15.5,15.5,0.0
46.975,-102.965,2,,,
46.975,-102.955,2,,,
46.975,-102.945,2,,,
46.975,-102.935,2,,,
46.975,-102.925,2,,,
46.975,-102.915,2,,,
46.975,-102.905,1,30.5,30.5,0.0
46.975,-102.895,1,39.0,39.0,0.0
46.975,-102.885,1,43.5,43.5,0.0
46.975,-102.875,1,47.5,47.5,0.0
46.975,-102.865,1,47.5,47.5,0.0
46.975,-102.855,1,50.0,50.0,0.0
46.975,-102.845,1,50.5,50.5,0.0
46.975,-102.835,1,50.5,50.5,0.0
46.975,-102.825,1,48.0,48.0,0.0
46.975,-102.815,1,41.5,41.5,0.0
46.975,-102.805,1,43.0,43.0,0.0
46.975,-102.795,1,43.5,43.5,0.0
46.975,-102.785,1,42.0,42.0,0.0
46.975,-102.775,1,39.5,39.5,0.0
46.975,-102.765,1,35.5,35.5,0.0
46.975,-102.755,1,35.5,35.5,0.0
46.975,-102.745,1,35.5,35.5,0.0
46.975,-102.735,1,32.5,32.5,0.0
46.975,-102.725,1,31.5,31.5,0.0
46.975,-102.715,1,35.0,35.0,0.0
46.975,-102.705,1,37.0,37.0,0.0
46.975,-102.695,1,40.0,40.0,0.0
46.975,-102.685,1,38.0,38.0,0.0
46.975,-102.675,1,36.5,36.5,0.0
46.975,-102.665,1,33.5,33.5,0.0
46.975,-102.655,1,27.5,27.5,0.0
46.975,-102.645,1,24.5,24.5,0.0
46.975,-102.635,1,24.0,24.0,0.0
46.975,-102.625,1,17.0,17.0,0.0
46.975,-102.615,1,13.0,13.0,0.0
46.975,-102.605,1,19.0,19.0,0.0
46.975,-102.595,1,29.0,29.0,0.0
46.975,-102.585,1,31.0,31.0,0.0
46.975,-102.575,1,35.5,35.5,0.0
46.975,-102.565,1,24.0,24.0,0.0
46.975,-102.555,1,28.0,28.0,0.0
46.975,-102.545,1,26.0,26.0,0.0
46.975,-102.535,1,27.0,27.0,0.0
46.975,-102.525,1,26.0,26.0,0.0
46.975,-102.515,1,27.0,27.0,0.0
46.975,-102.505,1,25.5,25.5,0.0
46.975,-102.495,1,21.0,21.0,0.0
46.975,-102.485,1,17.0,17.0,0.0
46.975,-102.475,2,,,
46.975,-102.465,2,,,
46.975,-102.455,2,,,
46.975,-102.445,2,,,
46.975,-102.435,2,,,
46.975,-102.425,2,,,
46.975,-102.415,2,,,
46.975,-102.405,2,,,
46.965,-103.145,2,,,
46.965,-103.135,2,,,
46.965,-103.125,1,9.0,9.0,0.0
46.965,-103.115,1,10.0,10.0,0.0
46.965,-103.105,1,12.5,12.5,0.0
46.965,-103.095,2,,,
46.965,-103.085,2,,,
46.965,-103.075,2,,,
46.965,-103.065,2,,,
46.965,-103.055,1,11.0,11.0,0.0
46.965,-103.045,1,11.0,11.0,0.0
46.965,-103.035,1,11.5,11.5,0.0
46.965,-103.025,1,16.0,16.0,0.0
46.965,-103.015,1,18.0,18.0,0.0
46.965,-103.005,1,20.5,20.5,0.0
46.965,-102.995,1,21.5,21.5,0.0
46.965,-102.985,1,21.5,21.5,0.0
46.965,-102.975,1,15.0,15.0,0.0
46.965,-102.965,2,,,
46.965,-102.955,2,,,
46.965,-102.945,2,,,
46.965,-102.935,2,,,
46.965,-102.925,2,,,
46.965,-102.915,1,21.0,21.0,0.0
46.965,-102.905,1,33.0,33.0,0.0
46.965,-102.895,1,38.0,38.0,0.0
46.965,-102.885,1,46.0,46.0,0.0
46.965,-102.875,1,48.5,48.5,0.0
46.965,-102.865,1,49.5,49.5,0.0
46.965,-102.855,1,50.5,50.5,0.0
46.965,-102.845,1,49.5,49.5,0.0
46.965,-102.835,1,49.0,49.0,0.0
46.965,-102.825,1,51.0,51.0,0.0
46.965,-102.815,1,46.5,46.5,0.0
46.965,-102.805,1,43.5,43.5,0.0
46.965,-102.795,1,43.5,43.5,0.0
46.965,-102.785,1,42.0,42.0,0.0
46.965,-102.775,1,41.5,41.5,0.0
46.965,-102.765,1,35.0,35.0,0.0
46.965,-102.755,1,38.5,38.5,0.0
46.965,-102.745,1,38.0,38.0,0.0
46.965,-102.735,1,34.0,34.0,0.0
46.965,-102.725,1,33.0,33.0,0.0
46.965,-102.715,1,30.5,30.5,0.0
46.965,-102.705,1,38.0,38.0,0.0
46.965,-102.695,1,38.5,38.5,0.0
46.965,-102.685,1,35.5,35.5,0.0
46.965,-102.675,1,27.5,27.5,0.0
46.965,-102.665,1,21.5,21.5,0.0
46.965,-102.655,1,18.0,18.0,0.0
46.965,-102.645,1,19.5,19.5,0.0
46.965,-102.635,1,15.0,15.0,0.0
46.965,-102.625,1,11.0,11.0,0.0
46.965,-102.615,2,,,
46.965,-102.605,1,11.0,11.0,0.0
46.965,-102.595,1,16.0,16.0,0.0
46.965,-102.585,1,32.0,32.0,0.0
46.965,-102.575,1,24.5,24.5,0.0
46.965,-102.565,1,24.0,24.0,0.0
46.965,-102.555,1,30.0,30.0,0.0
46.965,-102.545,1,27.5,27.5,0.0
46.965,-102.535,1,31.0,31.0,0.0
46.965,-102.525,1,31.5,31.5,0.0
46.965,-102.515,1,27.5,27.5,0.0
46.965,-102.505,1,28.0,28.0,0.0
46.965,-102.495,1,22.5,22.5,0.0
46.965,-102.485,1,19.5,19.5,0.0
46.965,-102.475,2,,,
46.965,-102.465,2,,,
46.965,-102.455,2,,,
46.965,-102.445,2,,,
46.965,-102.435,2,,,
46.965,-102.425,2,,,
46.965,-102.415,2,,,
46.965,-102.405,2,,,
46.955,-103.145,1,11.5,11.5,0.0
46.955,-103.135,1,13.5,13.5,0.0
46.955,-103.125,1,9.5,9.5,0.0
46.955,-103.115,1,10.5,10.5,0.0
46.955,-103.105,1,11.5,11.5,0.0
46.955,-103.095,1,10.5,10.5,0.0
46.955,-103.085,1,9.5,9.5,0.0
46.955,-103.075,1,10.0,10.0,0.0
46.955,-103.065,1,8.0,8.0,0.0
46.955,-103.055,1,10.5,10.5,0.0
46.955,-103.045,1,11.5,11.5,0.0
46.955,-103.035,1,12.0,12.0,0.0
46.955,-103.025,1,17.5,17.5,0.0
46.955,-103.015,1,19.0,19.0,0.0
46.955,-103.005,1,15.5,15.5,0.0
46.955,-102.995,1,16.0,16.0,0.0
46.955,-102.985,1,19.0,19.0,0.0
46.955,-102.975,2,,,
46.955,-102.965,2,,,
46.955,-102.955,2,,,
46.955,-102.945,2,,,
46.955,-102.935,2,,,
46.955,-102.925,2,,,
46.955,-102.915,1,20.5,20.5,0.0
46.955,-102.905,1,37.5,37.5,0.0
46.955,-102.895,1,44.0,44.0,0.0
46.955,-102.885,1,44.5,44.5,0.0
46.955,-102.875,1,48.0,48.0,0.0
46.955,-102.865,1,49.5,49.5,0.0
46.955,-102.855,1,50.0,50.0,0.0
46.955,-102.845,1,49.5,49.5,0.0
46.955,-102.835,1,49.5,49.5,0.0
46.955,-102.825,1,51.5,51.5,0.0
46.955,-102.815,1,46.5,46.5,0.0
46.955,-102.805,1,44.0,44.0,0.0
46.955,-102.795,1,43.5,43.5,0.0
46.955,-102.785,1,42.5,42.5,0.0
46.955,-102.775,1,41.5,41.5,0.0
46.955,-102.765,1,34.5,34.5,0.0
46.955,-102.755,1,39.0,39.0,0.0
46.955,-102.745,1,38.5,38.5,0.0
46.955,-102.735,1,34.0,34.0,0.0
46.955,-102.725,1,33.0,33.0,0.0
46.955,-102.715,1,30.5,30.5,0.0
46.955,-102.705,1,28.5,28.5,0.0
46.955,-102.695,1,23.5,23.5,0.0
46.955,-102.685,1,18.0,18.0,0.0
46.955,-102.675,1,12.5,12.5,0.0
46.955,-102.665,1,10.5,10.5,0.0
46.955,-102.655,2,,,
46.955,-102.645,2,,,
46.955,-102.635,2,,,
46.955,-102.625,2,,,
46.955,-102.615,1,14.5,14.5,0.0
46.955,-102.605,1,17.0,17.0,0.0
46.955,-102.595,1,17.5,17.5,0.0
46.955,-102.585,1,21.5,21.5,0.0
46.955,-102.575,1,31.0,31.0,0.0
46.955,-102.565,1,32.0,32.0,0.0
46.955,-102.555,1,38.5,38.5,0.0
46.955,-102.545,1,32.5,32.5,0.0
46.955,-102.535,1,36.5,36.5,0.0
46.955,-102.525,1,35.0,35.0,0.0
46.955,-102.515,1,23.0,23.0,0.0
46.955,-102.505,1,19.5,19.5,0.0
46.955,-102.495,2,,,
46.955,-102.485,2,,,
46.955,-102.475,2,,,
46.955,-102.465,2,,,
46.955,-102.455,2,,,
46.955,-102.445,2,,,
46.955,-102.435,2,,,
46.955,-102.425,2,,,
46.955,-102.415,2,,,
46.955,-102.405,2,,,
46.945,-103.145,1,18.0,18.0,0.0
46.945,-103.135,1,18.5,18.5,0.0
46.945,-103.125,1,9.5,9.5,0.0
46.945,-103.115,1,11.5,11.5,0.0
46.945,-103.105,1,12.0,12.0,0.0
46.945,-103.095,1,11.0,11.0,0.0
46.945,-103.085,1,10.0,10.0,0.0
46.945,-103.075,1,10.5,10.5,0.0
46.945,-103.065,1,13.0,13.0,0.0
46.945,-103.055,1,10.0,10.0,0.0
46.945,-103.045,1,10.0,10.0,0.0
46.945,-103.035,1,12.5,12.5,0.0
46.945,-103.025,1,16.0,16.0,0.0
46.945,-103.015,1,18.0,18.0,0.0
46.945,-103.005,1,12.0,12.0,0.0
46.945,-102.995,1,10.0,10.0,0.0
46.945,-102.985,1,12.5,12.5,0.0
46.945,-102.975,2,,,
46.945,-102.965,2,,,
46.945,-102.955,2,,,
46.945,-102.945,2,,,
46.945,-102.935,2,,,
46.945,-102.925,2,,,
46.945,-102.915,1,27.0,27.0,0.0
46.945,-102.905,1,40.5,40.5,0.0
46.945,-102.895,1,43.5,43.5,0.0
46.945,-102.885,1,47.0,47.0,0.0
46.945,-102.875,1,49.0,49.0,0.0
46.945,-102.865,1,53.5,53.5,0.0
46.945,-102.855,1,58.0,58.0,0.0
46.945,-102.845,1,52.0,52.0,0.0
46.945,-102.835,1,46.0,46.0,0.0
46.945,-102.825,1,44.0,44.0,0.0
46.945,-102.815,1,44.0,44.0,0.0
46.945,-102.805,1,44.5,44.5,0.0
46.945,-102.795,1,42.5,42.5,0.0
46.945,-102.785,1,43.5,43.5,0.0
46.945,-102.775,1,40.5,40.5,0.0
46.945,-102.765,1,41.5,41.5,0.0
46.945,-102.755,1,38.0,38.0,0.0
46.945,-102.745,1,36.5,36.5,0.0
46.945,-102.735,1,32.5,32.5,0.0
46.945,-102.725,1,34.5,34.5,0.0
46.945,-102.715,1,29.0,29.0,0.0
46.945,-102.705,1,28.5,28.5,0.0
46.945,-102.695,1,20.5,20.5,0.0
46.945,-102.685,1,16.0,16.0,0.0
46.945,-102.675,1,12.0,12.0,0.0
46.945,-102.665,2,,,
46.945,-102.655,2,,,
46.945,-102.645,2,,,
46.945,-102.635,2,,,
46.945,-102.625,2,,,
46.945,-102.615,1,14.0,14.0,0.0
46.945,-102.605,1,17.0,17.0,0.0
46.945,-102.595,1,20.0,20.0,0.0
46.945,-102.585,1,37.0,37.0,0.0
46.945,-102.575,1,36.0,36.0,0.0
46.945,-102.565,1,37.5,37.5,0.0
46.945,-102.555,1,35.5,35.5,0.0
46.945,-102.545,1,30.5,30.5,0.0
46.945,-102.535,1,31.0,31.0,0.0
46.945,-102.525,1,22.5,22.5,0.0
46.945,-102.515,2,,,
46.945,-102.505,2,,,
46.945,-102.495,2,,,
46.945,-102.485,2,,,
46.945,-102.475,2,,,
46.945,-102.465,2,,,
46.945,-102.455,2,,,
46.945,-102.445,2,,,
46.945,-102.435,2,,,
46.945,-102.425,2,,,
46.945,-102.415,2,,,
46.945,-102.405,2,,,
46.935,-103.145,1,18.5,18.5,0.0
46.935,-103.135,1,19.0,19.0,0.0
46.935,-103.125,1,20.5,20.5,0.0
46.935,-103.115,1,17.5,17.5,0.0
46.935,-103.105,1,18.5,18.5,0.0
46.935,-103.095,1,17.5,17.5,0.0
46.935,-103.085,1,14.5,14.5,0.0
46.935,-103.075,1,16.5,16.5,0.0
46.935,-103.065,1,14.0,14.0,0.0
46.935,-103.055,1,13.5,13.5,0.0
46.935,-103.045,2,,,
46.935,-103.035,1,11.5,11.5,0.0
46.935,-103.025,1,13.0,13.0,0.0
46.935,-103.015,1,13.0,13.0,0.0
46.935,-103.005,2,,,
46.935,-102.995,2,,,
46.935,-102.985,2,,,
46.935,-102.975,2,,,
46.935,-102.965,2,,,
46.935,-102.955,2,,,
46.935,-102.945,2,,,
46.935,-102.935,2,,,
46.935,-102.925,1,12.0,12.0,0.0
46.935,-102.915,1,28.0,28.0,0.0
46.935,-102.905,1,38.0,38.0,0.0
46.935,-102.895,1,41.5,41.5,0.0
46.935,-102.885,1,42.0,42.0,0.0
46.935,-102.875,1,44.5,44.5,0.0
46.935,-102.865,1,52.5,52.5,0.0
46.935,-102.855,1,55.5,55.5,0.0
46.935,-102.845,1,52.0,52.0,0.0
46.935,-102.835,1,45.5,45.5,0.0
46.935,-102.825,1,44.0,44.0,0.0
46.935,-102.815,1,46.5,46.5,0.0
46.935,-102.805,1,46.5,46.5,0.0
46.935,-102.795,1,44.0,44.0,0.0
46.935,-102.785,1,43.0,43.0,0.0
46.935,-102.775,1,40.0,40.0,0.0
46.935,-102.765,1,41.5,41.5,0.0
46.935,-102.755,1,42.5,42.5,0.0
46.935,-102.745,1,41.0,41.0,0.0
46.935,-102.735,1,36.5,36.5,0.0
46.935,-102.725,1,37.0,37.0,0.0
46.935,-102.715,1,29.0,29.0,0.0
46.935,-102.705,1,22.0,22.0,0.0
46.935,-102.695,1,18.0,18.0,0.0
46.935,-102.685,1,11.0,11.0,0.0
46.935,-102.675,2,,,
46.935,-102.665,2,,,
46.935,-102.655,2,,,
46.935,-102.645,2,,,
46.935,-102.635,2,,,
46.935,-102.625,2,,,
46.935,-102.615,1,15.0,15.0,0.0
46.935,-102.605,1,18.0,18.0,0.0
46.935,-102.595,1,27.0,27.0,0.0
46.935,-102.585,1,37.5,37.5,0.0
46.935,-102.575,1,36.5,36.5,0.0
46.935,-102.565,1,36.0,36.0,0.0
46.935,-102.555,1,34.5,34.5,0.0
46.935,-102.545,1,31.0,31.0,0.0
46.935,-102.535,1,29.5,29.5,0.0
46.935,-102.525,1,18.0,18.0,0.0
46.935,-102.515,2,,,
46.935,-102.505,2,,,
46.935,-102.495,2,,,
46.935,-102.485,2,,,
46.935,-102.475,2,,,
46.935,-102.465,2,,,
46.935,-102.455,2,,,
46.935,-102.445,2,,,
46.935,-102.435,2,,,
46.935,-102.425,2,,,
46.935,-102.415,2,,,
46.935,-102.405,2,,,
46.925,-103.145,1,31.5,31.5,0.0
46.925,-103.135,1,27.0,27.0,0.0
46.925,-103.125,1,26.0,26.0,0.0
46.925,-103.115,1,24.5,24.5,0.0
46.925,-103.105,1,25.0,25.0,0.0
46.925,-103.095,1,19.0,19.0,0.0
46.925,-103.085,1,17.5,17.5,0.0
46.925,-103.075,1,19.0,19.0,0.0
46.925,-103.065,1,15.5,15.5,0.0
46.925,-103.055,1,12.5,12.5,0.0
46.925,-103.045,1,10.5,10.5,0.0
46.925,-103.035,2,,,
46.925,-103.025,1,13.0,13.0,0.0
46.925,-103.015,1,13.0,13.0,0.0
46.925,-103.005,2,,,
46.925,-102.995,2,,,
46.925,-102.985,2,,,
46.925,-102.975,2,,,
46.925,-102.965,2,,,
46.925,-102.955,2,,,
46.925,-102.945,2,,,
46.925,-102.935,2,,,
46.925,-102.925,1,11.5,11.5,0.0
46.925,-102.915,1,26.5,26.5,0.0
46.925,-102.905,1,30.5,30.5,0.0
46.925,-102.895,1,27.0,27.0,0.0
46.925,-102.885,1,26.5,26.5,0.0
46.925,-102.875,1,40.0,40.0,0.0
46.925,-102.865,1,43.5,43.5,0.0
46.925,-102.855,1,49.0,49.0,0.0
46.925,-102.845,1,45.0,45.0,0.0
46.925,-102.835,1,39.5,39.5,0.0
46.925,-102.825,1,44.5,44.5,0.0
46.925,-102.815,1,46.0,46.0,0.0
46.925,-102.805,1,46.5,46.5,0.0
46.925,-102.795,1,43.5,43.5,0.0
46.925,-102.785,1,44.0,44.0,0.0
46.925,-102.775,1,41.0,41.0,0.0
46.925,-102.765,1,40.0,40.0,0.0
46.925,-102.755,1,40.0,40.0,0.0
46.925,-102.745,1,38.0,38.0,0.0
46.925,-102.735,1,32.5,32.5,0.0
46.925,-102.725,1,31.5,31.5,0.0
46.925,-102.715,1,23.5,23.5,0.0
46.925,-102.705,1,17.0,17.0,0.0
46.925,-102.695,1,11.0,11.0,0.0
46.925,-102.685,2,,,
46.925,-102.675,2,,,
46.925,-102.665,2,,,
46.925,-102.655,2,,,
46.925,-102.645,2,,,
46.925,-102.635,2,,,
46.925,-102.625,2,,,
46.925,-102.615,1,12.0,12.0,0.0
46.925,-102.605,2,,,
46.925,-102.595,1,25.0,25.0,0.0
46.925,-102.585,1,33.5,33.5,0.0
46.925,-102.575,1,30.0,30.0,0.0
46.925,-102.565,1,24.5,24.5,0.0
46.925,-102.555,1,27.5,27.5,0.0
46.925,-102.545,1,23.0,23.0,0.0
46.925,-102.535,1,18.5,18.5,0.0
46.925,-102.525,2,,,
46.925,-102.515,2,,,
46.925,-102.505,2,,,
46.925,-102.495,2,,,
46.925,-102.485,2,,,
46.925,-102.475,2,,,
46.925,-102.465,2,,,
46.925,-102.455,2,,,
46.925,-102.445,2,,,
46.925,-102.435,2,,,
46.925,-102.425,2,,,
46.925,-102.415,2,,,
46.925,-102.405,2,,,
46.915,-103.145,1,32.5,32.5,0.0
46.915,-103.135,1,27.0,27.0,0.0
46.915,-103.125,1,28.5,28.5,0.0
46.915,-103.115,1,23.5,23.5,0.0
46.915,-103.105,1,22.0,22.0,0.0
46.915,-103.095,1,19.5,19.5,0.0
46.915,-103.085,1,17.5,17.5,0.0
46.915,-103.075,1,19.0,19.0,0.0
46.915,-103.065,1,15.5,15.5,0.0
46.915,-103.055,1,12.5,12.5,0.0
46.915,-103.045,1,10.5,10.5,0.0
46.915,-103.035,2,,,
46.915,-103.025,2,,,
46.915,-103.015,2,,,
46.915,-103.005,2,,,
46.915,-102.995,2,,,
46.915,-102.985,2,,,
46.915,-102.975,2,,,
46.915,-102.965,2,,,
46.915,-102.955,2,,,
46.915,-102.945,2,,,
46.915,-102.935,2,,,
46.915,-102.925,1,8.5,8.5,0.0
46.915,-102.915,1,14.5,14.5,0.0
46.915,-102.905,1,8.0,8.0,0.0
46.915,-102.895,1,7.0,7.0,0.0
46.915,-102.885,1,11.0,11.0,0.0
46.915,-102.875,1,20.0,20.0,0.0
46.915,-102.865,1,35.0,35.0,0.0
46.915,-102.855,1,48.5,48.5,0.0
46.915,-102.845,1,45.0,45.0,0.0
46.915,-102.835,1,39.0,39.0,0.0
46.915,-102.825,1,44.0,44.0,0.0
46.915,-102.815,1,47.0,47.0,0.0
46.915,-102.805,1,48.0,48.0,0.0
46.915,-102.795,1,46.5,46.5,0.0
46.915,-102.785,1,46.0,46.0,0.0
46.915,-102.775,1,42.0,42.0,0.0
46.915,-102.765,1,41.5,41.5,0.0
46.915,-102.755,1,38.5,38.5,0.0
46.915,-102.745,1,34.0,34.0,0.0
46.915,-102.735,1,29.0,29.0,0.0
46.915,-102.725,1,21.5,21.5,0.0
46.915,-102.715,1,14.5,14.5,0.0
46.915,-102.705,2,,,
46.915,-102.695,2,,,
46.915,-102.685,2,,,
46.915,-102.675,2,,,
46.915,-102.665,2,,,
46.915,-102.655,2,,,
46.915,-102.645,2,,,
46.915,-102.635,2,,,
46.915,-102.625,2,,,
46.915,-102.615,2,,,
46.915,-102.605,2,,,
46.915,-102.595,1,14.0,14.0,0.0
46.915,-102.585,1,10.0,10.0,0.0
46.915,-102.575,1,12.5,12.5,0.0
46.915,-102.565,1,7.0,7.0,0.0
46.915,-102.555,2,,,
46.915,-102.545,2,,,
46.915,-102.535,2,,,
46.915,-102.525,2,,,
46.915,-102.515,2,,,
46.915,-102.505,2,,,
46.915,-102.495,2,,,
46.915,-102.485,2,,,
46.915,-102.475,2,,,
46.915,-102.465,2,,,
46.915,-102.455,2,,,
46.915,-102.445,2,,,
46.915,-102.435,2,,,
46.915,-102.425,2,,,
46.915,-102.415,2,,,
46.915,-102.405,2,,,
46.905,-103.145,1,32.5,32.5,0.0
46.905,-103.135,1,27.5,27.5,0.0
46.905,-103.125,1,28.5,28.5,0.0
46.905,-103.115,1,23.5,23.5,0.0
46.905,-103.105,1,24.5,24.5,0.0
46.905,-103.095,1,23.5,23.5,0.0
46.905,-103.085,1,17.5,17.5,0.0
46.905,-103.075,1,17.5,17.5,0.0
46.905,-103.065,1,15.0,15.0,0.0
46.905,-103.055,1,12.5,12.5,0.0
46.905,-103.045,2,,,
46.905,-103.035,2,,,
46.905,-103.025,2,,,
46.905,-103.015,2,,,
46.905,-103.005,2,,,
46.905,-102.995,2,,,
46.905,-102.985,2,,,
46.905,-102.975,2,,,
46.905,-102.965,2,,,
46.905,-102.955,2,,,
46.905,-102.945,2,,,
46.905,-102.935,2,,,
46.905,-102.925,2,,,
46.905,-102.915,2,,,
46.905,-102.905,1,8.0,8.0,0.0
46.905,-102.895,1,7.0,7.0,0.0
46.905,-102.885,1,11.0,11.0,0.0
46.905,-102.875,1,20.0,20.0,0.0
46.905,-102.865,1,35.0,35.0,0.0
46.905,-102.855,1,42.0,42.0,0.0
46.905,-102.845,1,40.0,40.0,0.0
46.905,-102.835,1,35.5,35.5,0.0
46.905,-102.825,1,37.5,37.5,0.0
46.905,-102.815,1,40.5,40.5,0.0
46.905,-102.805,1,42.5,42.5,0.0
46.905,-102.795,1,41.0,41.0,0.0
46.905,-102.785,1,41.0,41.0,0.0
46.905,-102.775,1,42.5,42.5,0.0
46.905,-102.765,1,38.0,38.0,0.0
46.905,-102.755,1,34.5,34.5,0.0
46.905,-102.745,1,27.5,27.5,0.0
46.905,-102.735,1,21.5,21.5,0.0
46.905,-102.725,1,12.5,12.5,0.0
46.905,-102.715,2,,,
46.905,-102.705,2,,,
46.905,-102.695,2,,,
46.905,-102.685,2,,,
46.905,-102.675,2,,,
46.905,-102.665,2,,,
46.905,-102.655,2,,,
46.905,-102.645,2,,,
46.905,-102.635,2,,,
46.905,-102.625,2,,,
46.905,-102.615,2,,,
46.905,-102.605,2,,,
46.905,-102.595,2,,,
46.905,-102.585,2,,,
46.905,-102.575,2,,,
46.905,-102.565,2,,,
46.905,-102.555,2,,,
46.905,-102.545,2,,,
46.905,-102.535,2,,,
46.905,-102.525,2,,,
46.905,-102.515,2,,,
46.905,-102.505,2,,,
46.905,-102.495,2,,,
46.905,-102.485,2,,,
46.905,-102.475,2,,,
46.905,-102.465,2,,,
46.905,-102.455,2,,,
46.905,-102.445,2,,,
46.905,-102.435,2,,,
46.905,-102.425,2,,,
46.905,-102.415,2,,,
46.905,-102.405,2,,,
46.895,-103.145,1,22.5,22.5,0.0
46.895,-103.135,1,22.5,22.5,0.0
46.895,-103.125,1,16.0,16.0,0.0
46.895,-103.115,1,18.0,18.0,0.0
46.895,-103.105,1,14.0,14.0,0.0
46.895,-103.095,2,,,
46.895,-103.085,2,,,
46.895,-103.075,2,,,
46.895,-103.065,2,,,
46.895,-103.055,2,,,
46.895,-103.045,2,,,
46.895,-103.035,2,,,
46.895,-103.025,2,,,
46.895,-103.015,2,,,
46.895,-103.005,2,,,
46.895,-102.995,2,,,
46.895,-102.985,2,,,
46.895,-102.975,2,,,
46.895,-102.965,2,,,
46.895,-102.955,2,,,
46.895,-102.945,2,,,
46.895,-102.935,2,,,
46.895,-102.925,2,,,
46.895,-102.915,2,,,
46.895,-102.905,2,,,
46.895,-102.895,2,,,
46.895,-102.885,1,7.5,7.5,0.0
46.895,-102.875,1,17.5,17.5,0.0
46.895,-102.865,1,33.0,33.0,0.0
46.895,-102.855,1,34.0,34.0,0.0
46.895,-102.845,1,28.5,28.5,0.0
46.895,-102.835,1,26.0,26.0,0.0
46.895,-102.825,1,28.0,28.0,0.0
46.895,-102.815,1,24.0,24.0,0.0
46.895,-102.805,1,26.0,26.0,0.0
46.895,-102.795,1,29.0,29.0,0.0
46.895,-102.785,1,31.5,31.5,0.0
46.895,-102.775,1,29.5,29.5,0.0
46.895,-102.765,1,30.0,30.0,0.0
46.895,-102.755,1,26.5,26.5,0.0
46.895,-102.745,1,17.5,17.5,0.0
46.895,-102.735,1,15.0,15.0,0.0
46.895,-102.725,1,12.0,12.0,0.0
46.895,-102.715,2,,,
46.895,-102.705,2,,,
46.895,-102.695,2,,,
46.895,-102.685,2,,,
46.895,-102.675,2,,,
46.895,-102.665,2,,,
46.895,-102.655,2,,,
46.895,-102.645,2,,,
46.895,-102.635,2,,,
46.895,-102.625,2,,,
46.895,-102.615,2,,,
46.895,-102.605,2,,,
46.895,-102.595,2,,,
46.895,-102.585,2,,,
46.895,-102.575,2,,,
46.895,-102.565,2,,,
46.895,-102.555,2,,,
46.895,-102.545,2,,,
46.895,-102.535,2,,,
46.895,-102.525,2,,,
46.895,-102.515,2,,,
46.895,-102.505,2,,,
46.895,-102.495,2,,,
46.895,-102.485,2,,,
46.895,-102.475,2,,,
46.895,-102.465,2,,,
46.895,-102.455,2,,,
46.895,-102.445,2,,,
46.895,-102.435,2,,,
46.895,-102.425,2,,,
46.895,-102.415,2,,,
46.895,-102.405,2,,,
46.885,-103.145,1,22.0,22.0,0.0
46.885,-103.135,1,22.5,22.5,0.0
46.885,-103.125,1,16.0,16.0,0.0
46.885,-103.115,1,18.5,18.5,0.0
46.885,-103.105,1,14.0,14.0,0.0
46.885,-103.095,2,,,
46.885,-103.085,2,,,
46.885,-103.075,2,,,
46.885,-103.065,2,,,
46.885,-103.055,2,,,
46.885,-103.045,2,,,
46.885,-103.035,2,,,
46.885,-103.025,2,,,
46.885,-103.015,2,,,
46.885,-103.005,2,,,
46.885,-102.995,2,,,
46.885,-102.985,2,,,
46.885,-102.975,2,,,
46.885,-102.965,2,,,
46.885,-102.955,2,,,
46.885,-102.945,2,,,
46.885,-102.935,2,,,
46.885,-102.925,2,,,
46.885,-102.915,2,,,
46.885,-102.905,2,,,
46.885,-102.895,2,,,
46.885,-102.885,2,,,
46.885,-102.875,2,,,
46.885,-102.865,2,,,
46.885,-102.855,2,,,
46.885,-102.845,2,,,
46.885,-102.835,2,,,
46.885,-102.825,2,,,
46.885,-102.815,2,,,
46.885,-102.805,2,,,
46.885,-102.795,2,,,
46.885,-102.785,2,,,
46.885,-102.775,2,,,
46.885,-102.765,2,,,
46.885,-102.755,1,25.5,25.5,0.0
46.885,-102.745,1,18.0,18.0,0.0
46.885,-102.735,1,15.0,15.0,0.0
46.885,-102.725,1,7.5,7.5,0.0
46.885,-102.715,2,,,
46.885,-102.705,2,,,
46.885,-102.695,2,,,
46.885,-102.685,2,,,
46.885,-102.675,2,,,
46.885,-102.665,2,,,
46.885,-102.655,2,,,
46.885,-102.645,2,,,
46.885,-102.635,2,,,
46.885,-102.625,2,,,
46.885,-102.615,2,,,
46.885,-102.605,2,,,
46.885,-102.595,2,,,
46.885,-102.585,2,,,
46.885,-102.575,2,,,
46.885,-102.565,2,,,
46.885,-102.555,2,,,
46.885,-102.545,2,,,
46.885,-102.535,2,,,
46.885,-102.525,2,,,
46.885,-102.515,2,,,
46.885,-102.505,2,,,
46.885,-102.495,2,,,
46.885,-102.485,2,,,
46.885,-102.475,2,,,
46.885,-102.465,2,,,
46.885,-102.455,2,,,
46.885,-102.445,2,,,
46.885,-102.435,2,,,
46.885,-102.425,2,,,
46.885,-102.415,2,,,
46.885,-102.405,2,,,
46.875,-103.145,1,22.0,22.0,0.0
46.875,-103.135,1,22.5,22.5,0.0
46.875,-103.125,1,16.0,16.0,0.0
46.875,-103.115,1,18.0,18.0,0.0
46.875,-103.105,1,14.0,14.0,0.0
46.875,-103.095,2,,,
46.875,-103.085,2,,,
46.875,-103.075,2,,,
46.875,-103.065,2,,,
46.875,-103.055,2,,,
46.875,-103.045,2,,,
46.875,-103.035,2,,,
46.875,-103.025,2,,,
46.875,-103.015,2,,,
46.875,-103.005,2,,,
46.875,-102.995,2,,,
46.875,-102.985,2,,,
46.875,-102.975,2,,,
46.875,-102.965,2,,,
46.875,-102.955,2,,,
46.875,-102.945,2,,,
46.875,-102.935,2,,,
46.875,-102.925,2,,,
46.875,-102.915,2,,,
46.875,-102.905,2,,,
46.875,-102.895,2,,,
46.875,-102.885,2,,,
46.875,-102.875,2,,,
46.875,-102.865,2,,,
46.875,-102.855,2,,,
46.875,-102.845,2,,,
46.875,-102.835,2,,,
46.875,-102.825,2,,,
46.875,-102.815,2,,,
46.875,-102.805,2,,,
46.875,-102.795,2,,,
46.875,-102.785,2,,,
46.875,-102.775,2,,,
46.875,-102.765,2,,,
46.875,-102.755,2,,,
46.875,-102.745,2,,,
46.875,-102.735,2,,,
46.875,-102.725,2,,,
46.875,-102.715,2,,,
46.875,-102.705,2,,,
46.875,-102.695,2,,,
46.875,-102.685,2,,,
46.875,-102.675,2,,,
46.875,-102.665,2,,,
46.875,-102.655,2,,,
46.875,-102.645,2,,,
46.875,-102.635,2,,,
46.875,-102.625,2,,,
46.875,-102.615,2,,,
46.875,-102.605,2,,,
46.875,-102.595,2,,,
46.875,-102.585,2,,,
46.875,-102.575,2,,,
46.875,-102.565,2,,,
46.875,-102.555,2,,,
46.875,-102.545,2,,,
46.875,-102.535,2,,,
46.875,-102.525,2,,,
46.875,-102.515,2,,,
46.875,-102.505,2,,,
46.875,-102.495,2,,,
46.875,-102.485,2,,,
46.875,-102.475,2,,,
46.875,-102.465,2,,,
46.875,-102.455,2,,,
46.875,-102.445,2,,,
46.875,-102.435,2,,,
46.875,-102.425,2,,,
46.875,-102.415,2,,,
46.875,-102.405,2,,,
46.865,-103.145,1,15.0,15.0,0.0
46.865,-103.135,1,9.0,9.0,0.0
46.865,-103.125,2,,,
46.865,-103.115,2,,,
46.865,-103.105,2,,,
46.865,-103.095,2,,,
46.865,-103.085,2,,,
46.865,-103.075,2,,,
46.865,-103.065,2,,,
46.865,-103.055,2,,,
46.865,-103.045,2,,,
46.865,-103.035,2,,,
46.865,-103.025,2,,,
46.865,-103.015,2,,,
46.865,-103.005,2,,,
46.865,-102.995,2,,,
46.865,-102.985,2,,,
46.865,-102.975,2,,,
46.865,-102.965,2,,,
46.865,-102.955,2,,,
46.865,-102.945,2,,,
46.865,-102.935,2,,,
46.865,-102.925,2,,,
46.865,-102.915,2,,,
46.865,-102.905,2,,,
46.865,-102.895,2,,,
46.865,-102.885,2,,,
46.865,-102.875,2,,,
46.865,-102.865,2,,,
46.865,-102.855,2,,,
46.865,-102.845,2,,,
46.865,-102.835,2,,,
46.865,-102.825,2,,,
46.865,-102.815,2,,,
46.865,-102.805,2,,,
46.865,-102.795,2,,,
46.865,-102.785,2,,,
46.865,-102.775,2,,,
46.865,-102.765,2,,,
46.865,-102.755,2,,,
46.865,-102.745,2,,,
46.865,-102.735,2,,,
46.865,-102.725,2,,,
46.865,-102.715,2,,,
46.865,-102.705,2,,,
46.865,-102.695,2,,,
46.865,-102.685,2,,,
46.865,-102.675,2,,,
46.865,-102.665,2,,,
46.865,-102.655,2,,,
46.865,-102.645,2,,,
46.865,-102.635,2,,,
46.865,-102.625,2,,,
46.865,-102.615,2,,,
46.865,-102.605,2,,,
46.865,-102.595,2,,,
46.865,-102.585,2,,,
46.865,-102.575,2,,,
46.865,-102.565,2,,,
46.865,-102.555,2,,,
46.865,-102.545,2,,,
46.865,-102.535,2,,,
46.865,-102.525,2,,,
46.865,-102.515,2,,,
46.865,-102.505,2,,,
46.865,-102.495,2,,,
46.865,-102.485,2,,,
46.865,-102.475,2,,,
46.865,-102.465,2,,,
46.865,-102.455,2,,,
46.865,-102.445,2,,,
46.865,-102.435,2,,,
46.865,-102.425,2,,,
46.865,-102.415,2,,,
46.865,-102.405,2,,,
46.855,-103.145,2,,,
46.855,-103.135,2,,,
46.855,-103.125,2,,,
46.855,-103.115,2,,,
46.855,-103.105,2,,,
46.855,-103.095,2,,,
46.855,-103.085,2,,,
46.855,-103.075,2,,,
46.855,-103.065,2,,,
46.855,-103.055,2,,,
46.855,-103.045,2,,,
46.855,-103.035,2,,,
46.855,-103.025,2,,,
46.855,-103.015,2,,,
46.855,-103.005,2,,,
46.855,-102.995,2,,,
46.855,-102.985,2,,,
46.855,-102.975,2,,,
46.855,-102.965,2,,,
46.855,-102.955,2,,,
46.855,-102.945,2,,,
46.855,-102.935,2,,,
46.855,-102.925,2,,,
46.855,-102.915,2,,,
46.855,-102.905,2,,,
46.855,-102.895,2,,,
46.855,-102.885,2,,,
46.855,-102.875,2,,,
46.855,-102.865,2,,,
46.855,-102.855,2,,,
46.855,-102.845,2,,,
46.855,-102.835,2,,,
46.855,-102.825,2,,,
46.855,-102.815,2,,,
46.855,-102.805,2,,,
46.855,-102.795,2,,,
46.855,-102.785,2,,,
46.855,-102.775,2,,,
46.855,-102.765,2,,,
46.855,-102.755,2,,,
46.855,-102.745,2,,,
46.855,-102.735,2,,,
46.855,-102.725,2,,,
46.855,-102.715,2,,,
46.855,-102.705,2,,,
46.855,-102.695,2,,,
46.855,-102.685,2,,,
46.855,-102.675,2,,,
46.855,-102.665,2,,,
46.855,-102.655,2,,,
46.855,-102.645,2,,,
46.855,-102.635,2,,,
46.855,-102.625,2,,,
46.855,-102.615,2,,,
46.855,-102.605,2,,,
46.855,-102.595,2,,,
46.855,-102.585,2,,,
46.855,-102.575,2,,,
46.855,-102.565,2,,,
46.855,-102.555,2,,,
46.855,-102.545,2,,,
46.855,-102.535,2,,,
46.855,-102.525,2,,,
46.855,-102.515,2,,,
46.855,-102.505,2,,,
46.855,-102.495,2,,,
46.855,-102.485,2,,,
46.855,-102.475,2,,,
46.855,-102.465,2,,,
46.855,-102.455,2,,,
46.855,-102.445,2,,,
46.855,-102.435,2,,,
46.855,-102.425,2,,,
46.855,-102.415,2,,,
46.855,-102.405,2,,,
46.845,-103.145,2,,,
46.845,-103.135,2,,,
46.845,-103.125,2,,,
46.845,-103.115,2,,,
46.845,-103.105,2,,,
46.845,-103.095,2,,,
46.845,-103.085,2,,,
46.845,-103.075,2,,,
46.845,-103.065,2,,,
46.845,-103.055,2,,,
46.845,-103.045,2,,,
46.845,-103.035,2,,,
46.845,-103.025,2,,,
46.845,-103.015,2,,,
46.845,-103.005,2,,,
46.845,-102.995,2,,,
46.845,-102.985,2,,,
46.845,-102.975,2,,,
46.845,-102.965,2,,,
46.845,-102.955,2,,,
46.845,-102.945,2,,,
46.845,-102.935,2,,,
46.845,-102.925,2,,,
46.845,-102.915,2,,,
46.845,-102.905,2,,,
46.845,-102.895,2,,,
46.845,-102.885,2,,,
46.845,-102.875,2,,,
46.845,-102.865,2,,,
46.845,-102.855,2,,,
46.845,-102.845,2,,,
46.845,-102.835,2,,,
46.845,-102.825,2,,,
46.845,-102.815,2,,,
46.845,-102.805,2,,,
46.845,-102.795,2,,,
46.845,-102.785,2,,,
46.845,-102.775,2,,,
46.845,-102.765,2,,,
46.845,-102.755,2,,,
46.845,-102.745,2,,,
46.845,-102.735,2,,,
46.845,-102.725,2,,,
46.845,-102.715,2,,,
46.845,-102.705,2,,,
46.845,-102.695,2,,,
46.845,-102.685,2,,,
46.845,-102.675,2,,,
46.845,-102.665,2,,,
46.845,-102.655,2,,,
46.845,-102.645,2,,,
46.845,-102.635,2,,,
46.845,-102.625,2,,,
46.845,-102.615,2,,,
46.845,-102.605,2,,,
46.845,-102.595,2,,,
46.845,-102.585,2,,,
46.845,-102.575,2,,,
46.845,-102.565,2,,,
46.845,-102.555,2,,,
46.845,-102.545,2,,,
46.845,-102.535,2,,,
46.845,-102.525,2,,,
46.845,-102.515,2,,,
46.845,-102.505,2,,,
46.845,-102.495,2,,,
46.845,-102.485,2,,,
46.845,-102.475,2,,,
46.845,-102.465,2,,,
46.845,-102.455,2,,,
46.845,-102.445,2,,,
46.845,-102.435,2,,,
46.845,-102.425,2,,,
46.845,-102.415,2,,,
46.845,-102.405,2,,,
46.835,-103.145,2,,,
46.835,-103.135,2,,,
46.835,-103.125,2,,,
46.835,-103.115,2,,,
46.835,-103.105,2,,,
46.835,-103.095,2,,,
46.835,-103.085,2,,,
46.835,-103.075,2,,,
46.835,-103.065,2,,,
46.835,-103.055,2,,,
46.835,-103.045,2,,,
46.835,-103.035,2,,,
46.835,-103.025,2,,,
46.835,-103.015,2,,,
46.835,-103.005,2,,,
46.835,-102.995,2,,,
46.835,-102.985,2,,,
46.835,-102.975,2,,,
46.835,-102.965,2,,,
46.835,-102.955,2,,,
46.835,-102.945,2,,,
46.835,-102.935,2,,,
46.835,-102.925,2,,,
46.835,-102.915,2,,,
46.835,-102.905,2,,,
46.835,-102.895,2,,,
46.835,-102.885,2,,,
46.835,-102.875,2,,,
46.835,-102.865,2,,,
46.835,-102.855,2,,,
46.835,-102.845,2,,,
46.835,-102.835,2,,,
46.835,-102.825,2,,,
46.835,-102.815,2,,,
46.835,-102.805,2,,,
46.835,-102.795,2,,,
46.835,-102.785,2,,,
46.835,-102.775,2,,,
46.835,-102.765,2,,,
46.835,-102.755,2,,,
46.835,-102.745,2,,,
46.835,-102.735,2,,,
46.835,-102.725,2,,,
46.835,-102.715,2,,,
46.835,-102.705,2,,,
46.835,-102.695,2,,,
46.835,-102.685,2,,,
46.835,-102.675,2,,,
46.835,-102.665,2,,,
46.835,-102.655,2,,,
46.835,-102.645,2,,,
46.835,-102.635,2,,,
46.835,-102.625,2,,,
46.835,-102.615,2,,,
46.835,-102.605,2,,,
46.835,-102.595,2,,,
46.835,-102.585,2,,,
46.835,-102.575,2,,,
46.835,-102.565,2,,,
46.835,-102.555,2,,,
46.835,-102.545,2,,,
46.835,-102.535,2,,,
46.835,-102.525,2,,,
46.835,-102.515,2,,,
46.835,-102.505,2,,,
46.835,-102.495,2,,,
46.835,-102.485,2,,,
46.835,-102.475,2,,,
46.835,-102.465,2,,,
46.835,-102.455,2,,,
46.835,-102.445,2,,,
46.835,-102.435,2,,,
46.835,-102.425,2,,,
46.835,-102.415,2,,,
46.835,-102.405,2,,,
46.825,-103.145,2,,,
46.825,-103.135,2,,,
46.825,-103.125,2,,,
46.825,-103.115,2,,,
46.825,-103.105,2,,,
46.825,-103.095,2,,,
46.825,-103.085,2,,,
46.825,-103.075,2,,,
46.825,-103.065,2,,,
46.825,-103.055,2,,,
46.825,-103.045,2,,,
46.825,-103.035,2,,,
46.825,-103.025,2,,,
46.825,-103.015,2,,,
46.825,-103.005,2,,,
46.825,-102.995,2,,,
46.825,-102.985,2,,,
46.825,-102.975,2,,,
46.825,-102.965,2,,,
46.825,-102.955,2,,,
46.825,-102.945,2,,,
46.825,-102.935,2,,,
46.825,-102.925,2,,,
46.825,-102.915,2,,,
46.825,-102.905,2,,,
46.825,-102.895,2,,,
46.825,-102.885,2,,,
46.825,-102.875,2,,,
46.825,-102.865,2,,,
46.825,-102.855,2,,,
46.825,-102.845,2,,,
46.825,-102.835,2,,,
46.825,-102.825,2,,,
46.825,-102.815,2,,,
46.825,-102.805,2,,,
46.825,-102.795,2,,,
46.825,-102.785,2,,,
46.825,-102.775,2,,,
46.825,-102.765,2,,,
46.825,-102.755,2,,,
46.825,-102.745,2,,,
46.825,-102.735,2,,,
46.825,-102.725,2,,,
46.825,-102.715,2,,,
46.825,-102.705,2,,,
46.825,-102.695,2,,,
46.825,-102.685,2,,,
46.825,-102.675,2,,,
46.825,-102.665,2,,,
46.825,-102.655,2,,,
46.825,-102.645,2,,,
46.825,-102.635,2,,,
46.825,-102.625,2,,,
46.825,-102.615,2,,,
46.825,-102.605,2,,,
46.825,-102.595,2,,,
46.825,-102.585,2,,,
46.825,-102.575,2,,,
46.825,-102.565,2,,,
46.825,-102.555,2,,,
46.825,-102.545,2,,,
46.825,-102.535,2,,,
46.825,-102.525,2,,,
46.825,-102.515,2,,,
46.825,-102.505,2,,,
46.825,-102.495,2,,,
46.825,-102.485,2,,,
46.825,-102.475,2,,,
46.825,-102.465,2,,,
46.825,-102.455,2,,,
46.825,-102.445,2,,,
46.825,-102.435,2,,,
46.825,-102.425,2,,,
46.825,-102.415,2,,,
46.825,-102.405,2,,,
46.815,-103.145,2,,,
46.815,-103.135,2,,,
46.815,-103.125,2,,,
46.815,-103.115,2,,,
46.815,-103.105,2,,,
46.815,-103.095,2,,,
46.815,-103.085,2,,,
46.815,-103.075,2,,,
46.815,-103.065,2,,,
46.815,-103.055,2,,,
46.815,-103.045,2,,,
46.815,-103.035,2,,,
46.815,-103.025,2,,,
46.815,-103.015,2,,,
46.815,-103.005,2,,,
46.815,-102.995,2,,,
46.815,-102.985,2,,,
46.815,-102.975,2,,,
46.815,-102.965,2,,,
46.815,-102.955,2,,,
46.815,-102.945,2,,,
46.815,-102.935,2,,,
46.815,-102.925,2,,,
46.815,-102.915,2,,,
46.815,-102.905,2,,,
46.815,-102.895,2,,,
46.815,-102.885,2,,,
46.815,-102.875,2,,,
46.815,-102.865,2,,,
46.815,-102.855,2,,,
46.815,-102.845,2,,,
46.815,-102.835,2,,,
46.815,-102.825,2,,,
46.815,-102.815,2,,,
46.815,-102.805,2,,,
46.815,-102.795,2,,,
46.815,-102.785,2,,,
46.815,-102.775,2,,,
46.815,-102.765,2,,,
46.815,-102.755,2,,,
46.815,-102.745,2,,,
46.815,-102.735,2,,,
46.815,-102.725,2,,,
46.815,-102.715,2,,,
46.815,-102.705,2,,,
46.815,-102.695,2,,,
46.815,-102.685,2,,,
46.815,-102.675,2,,,
46.815,-102.665,2,,,
46.815,-102.655,2,,,
46.815,-102.645,2,,,
46.815,-102.635,2,,,
46.815,-102.625,2,,,
46.815,-102.615,2,,,
46.815,-102.605,2,,,
46.815,-102.595,2,,,
46.815,-102.585,2,,,
46.815,-102.575,2,,,
46.815,-102.565,2,,,
46.815,-102.555,2,,,
46.815,-102.545,2,,,
46.815,-102.535,2,,,
46.815,-102.525,2,,,
46.815,-102.515,2,,,
46.815,-102.505,2,,,
46.815,-102.495,2,,,
46.815,-102.485,2,,,
46.815,-102.475,2,,,
46.815,-102.465,2,,,
46.815,-102.455,2,,,
46.815,-102.445,2,,,
46.815,-102.435,2,,,
46.815,-102.425,2,,,
46.815,-102.415,2,,,
46.815,-102.405,2,,,
46.805,-103.145,2,,,
46.805,-103.135,2,,,
46.805,-103.125,2,,,
46.805,-103.115,2,,,
46.805,-103.105,2,,,
46.805,-103.095,2,,,
46.805,-103.085,2,,,
46.805,-103.075,2,,,
46.805,-103.065,2,,,
46.805,-103.055,2,,,
46.805,-103.045,2,,,
46.805,-103.035,2,,,
46.805,-103.025,2,,,
46.805,-103.015,2,,,
46.805,-103.005,2,,,
46.805,-102.995,2,,,
46.805,-102.985,2,,,
46.805,-102.975,2,,,
46.805,-102.965,2,,,
46.805,-102.955,2,,,
46.805,-102.945,2,,,
46.805,-102.935,2,,,
46.805,-102.925,2,,,
46.805,-102.915,2,,,
46.805,-102.905,2,,,
46.805,-102.895,2,,,
46.805,-102.885,2,,,
46.805,-102.875,2,,,
46.805,-102.865,2,,,
46.805,-102.855,2,,,
46.805,-102.845,2,,,
46.805,-102.835,2,,,
46.805,-102.825,2,,,
46.805,-102.815,2,,,
46.805,-102.805,2,,,
46.805,-102.795,2,,,
46.805,-102.785,2,,,
46.805,-102.775,2,,,
46.805,-102.765,2,,,
46.805,-102.755,2,,,
46.805,-102.745,2,,,
46.805,-102.735,2,,,
46.805,-102.725,2,,,
46.805,-102.715,2,,,
46.805,-102.705,2,,,
46.805,-102.695,2,,,
46.805,-102.685,2,,,
46.805,-102.675,2,,,
46.805,-102.665,2,,,
46.805,-102.655,2,,,
46.805,-102.645,2,,,
46.805,-102.635,2,,,
46.805,-102.625,2,,,
46.805,-102.615,2,,,
46.805,-102.605,2,,,
46.805,-102.595,2,,,
46.805,-102.585,2,,,
46.805,-102.575,2,,,
46.805,-102.565,2,,,
46.805,-102.555,2,,,
46.805,-102.545,2,,,
46.805,-102.535,2,,,
46.805,-102.525,2,,,
46.805,-102.515,2,,,
46.805,-102.505,2,,,
46.805,-102.495,2,,,
46.805,-102.485,2,,,
46.805,-102.475,2,,,
46.805,-102.465,2,,,
46.805,-102.455,2,,,
46.805,-102.445,2,,,
46.805,-102.435,2,,,
46.805,-102.425,2,,,
46.805,-102.415,2,,,
46.805,-102.405,2,,,
46.795,-103.145,2,,,
46.795,-103.135,2,,,
46.795,-103.125,2,,,
46.795,-103.115,2,,,
46.795,-103.105,2,,,
46.795,-103.095,2,,,
46.795,-103.085,2,,,
46.795,-103.075,2,,,
46.795,-103.065,2,,,
46.795,-103.055,2,,,
46.795,-103.045,2,,,
46.795,-103.035,2,,,
46.795,-103.025,2,,,
46.795,-103.015,2,,,
46.795,-103.005,2,,,
46.795,-102.995,2,,,
46.795,-102.985,2,,,
46.795,-102.975,2,,,
46.795,-102.965,2,,,
46.795,-102.955,2,,,
46.795,-102.945,2,,,
46.795,-102.935,2,,,
46.795,-102.925,2,,,
46.795,-102.915,2,,,
46.795,-102.905,2,,,
46.795,-102.895,2,,,
46.795,-102.885,2,,,
46.795,-102.875,2,,,
46.795,-102.865,2,,,
46.795,-102.855,2,,,
46.795,-102.845,2,,,
46.795,-102.835,2,,,
46.795,-102.825,2,,,
46.795,-102.815,2,,,
46.795,-102.805,2,,,
46.795,-102.795,2,,,
46.795,-102.785,2,,,
46.795,-102.775,2,,,
46.795,-102.765,2,,,
46.795,-102.755,2,,,
46.795,-102.745,2,,,
46.795,-102.735,2,,,
46.795,-102.725,2,,,
46.795,-102.715,2,,,
46.795,-102.705,2,,,
46.795,-102.695,2,,,
46.795,-102.685,2,,,
46.795,-102.675,2,,,
46.795,-102.665,2,,,
46.795,-102.655,2,,,
46.795,-102.645,2,,,
46.795,-102.635,2,,,
46.795,-102.625,2,,,
46.795,-102.615,2,,,
46.795,-102.605,2,,,
46.795,-102.595,2,,,
46.795,-102.585,2,,,
46.795,-102.575,2,,,
46.795,-102.565,2,,,
46.795,-102.555,2,,,
46.795,-102.545,2,,,
46.795,-102.535,2,,,
46.795,-102.525,2,,,
46.795,-102.515,2,,,
46.795,-102.505,2,,,
46.795,-102.495,2,,,
46.795,-102.485,2,,,
46.795,-102.475,2,,,
46.795,-102.465,2,,,
46.795,-102.455,2,,,
46.795,-102.445,2,,,
46.795,-102.435,2,,,
46.795,-102.425,2,,,
46.795,-102.415,2,,,
46.795,-102.405,2,,,
46.785,-103.145,2,,,
46.785,-103.135,2,,,
46.785,-103.125,2,,,
46.785,-103.115,2,,,
46.785,-103.105,2,,,
46.785,-103.095,2,,,
46.785,-103.085,2,,,
46.785,-103.075,2,,,
46.785,-103.065,2,,,
46.785,-103.055,2,,,
46.785,-103.045,2,,,
46.785,-103.035,2,,,
46.785,-103.025,2,,,
46.785,-103.015,2,,,
46.785,-103.005,2,,,
46.785,-102.995,2,,,
46.785,-102.985,2,,,
46.785,-102.975,2,,,
46.785,-102.965,2,,,
46.785,-102.955,2,,,
46.785,-102.945,2,,,
46.785,-102.935,2,,,
46.785,-102.925,2,,,
46.785,-102.915,2,,,
46.785,-102.905,2,,,
46.785,-102.895,2,,,
46.785,-102.885,2,,,
46.785,-102.875,2,,,
46.785,-102.865,2,,,
46.785,-102.855,2,,,
46.785,-102.845,2,,,
46.785,-102.835,2,,,
46.785,-102.825,2,,,
46.785,-102.815,2,,,
46.785,-102.805,2,,,
46.785,-102.795,2,,,
46.785,-102.785,2,,,
46.785,-102.775,2,,,
46.785,-102.765,2,,,
46.785,-102.755,2,,,
46.785,-102.745,2,,,
46.785,-102.735,2,,,
46.785,-102.725,2,,,
46.785,-102.715,2,,,
46.785,-102.705,2,,,
46.785,-102.695,2,,,
46.785,-102.685,2,,,
46.785,-102.675,2,,,
46.785,-102.665,2,,,
46.785,-102.655,2,,,
46.785,-102.645,2,,,
46.785,-102.635,2,,,
46.785,-102.625,2,,,
46.785,-102.615,2,,,
46.785,-102.605,2,,,
46.785,-102.595,2,,,
46.785,-102.585,2,,,
46.785,-102.575,2,,,
46.785,-102.565,2,,,
46.785,-102.555,2,,,
46.785,-102.545,2,,,
46.785,-102.535,2,,,
46.785,-102.525,2,,,
46.785,-102.515,2,,,
46.785,-102.505,2,,,
46.785,-102.495,2,,,
46.785,-102.485,2,,,
46.785,-102.475,2,,,
46.785,-102.465,2,,,
46.785,-102.455,2,,,
46.785,-102.445,2,,,
46.785,-102.435,2,,,
46.785,-102.425,2,,,
46.785,-102.415,2,,,
46.785,-102.405,2,,,
46.775,-103.145,2,,,
46.775,-103.135,2,,,
46.775,-103.125,2,,,
46.775,-103.115,2,,,
46.775,-103.105,2,,,
46.775,-103.095,2,,,
46.775,-103.085,2,,,
46.775,-103.075,2,,,
46.775,-103.065,2,,,
46.775,-103.055,2,,,
46.775,-103.045,2,,,
46.775,-103.035,2,,,
46.775,-103.025,2,,,
46.775,-103.015,2,,,
46.775,-103.005,2,,,
46.775,-102.995,2,,,
46.775,-102.985,2,,,
46.775,-102.975,2,,,
46.775,-102.965,2,,,
46.775,-102.955,2,,,
46.775,-102.945,2,,,
46.775,-102.935,2,,,
46.775,-102.925,2,,,
46.775,-102.915,2,,,
46.775,-102.905,2,,,
46.775,-102.895,2,,,
46.775,-102.885,2,,,
46.775,-102.875,2,,,
46.775,-102.865,2,,,
46.775,-102.855,2,,,
46.775,-102.845,2,,,
46.775,-102.835,2,,,
46.775,-102.825,2,,,
46.775,-102.815,2,,,
46.775,-102.805,2,,,
46.775,-102.795,2,,,
46.775,-102.785,2,,,
46.775,-102.775,2,,,
46.775,-102.765,2,,,
46.775,-102.755,2,,,
46.775,-102.745,2,,,
46.775,-102.735,2,,,
46.775,-102.725,2,,,
46.775,-102.715,2,,,
46.775,-102.705,2,,,
46.775,-102.695,2,,,
46.775,-102.685,2,,,
46.775,-102.675,2,,,
46.775,-102.665,2,,,
46.775,-102.655,2,,,
46.775,-102.645,2,,,
46.775,-102.635,2,,,
46.775,-102.625,2,,,
46.775,-102.615,2,,,
46.775,-102.605,2,,,
46.775,-102.595,2,,,
46.775,-102.585,2,,,
46.775,-102.575,2,,,
46.775,-102.565,2,,,
46.775,-102.555,2,,,
46.775,-102.545,2,,,
46.775,-102.535,2,,,
46.775,-102.525,2,,,
46.775,-102.515,2,,,
46.775,-102.505,2,,,
46.775,-102.495,2,,,
46.775,-102.485,2,,,
46.775,-102.475,2,,,
46.775,-102.465,2,,,
46.775,-102.455,2,,,
46.775,-102.445,2,,,
46.775,-102.435,2,,,
46.775,-102.425,2,,,
46.775,-102.415,2,,,
46.775,-102.405,2,,,
46.765,-103.145,2,,,
46.765,-103.135,2,,,
46.765,-103.125,2,,,
46.765,-103.115,2,,,
46.765,-103.105,2,,,
46.765,-103.095,2,,,
46.765,-103.085,2,,,
46.765,-103.075,2,,,
46.765,-103.065,2,,,
46.765,-103.055,2,,,
46.765,-103.045,2,,,
46.765,-103.035,2,,,
46.765,-103.025,2,,,
46.765,-103.015,2,,,
46.765,-103.005,2,,,
46.765,-102.995,2,,,
46.765,-102.985,2,,,
46.765,-102.975,2,,,
46.765,-102.965,2,,,
46.765,-102.955,2,,,
46.765,-102.945,2,,,
46.765,-102.935,2,,,
46.765,-102.925,2,,,
46.765,-102.915,2,,,
46.765,-102.905,2,,,
46.765,-102.895,2,,,
46.765,-102.885,2,,,
46.765,-102.875,2,,,
46.765,-102.865,2,,,
46.765,-102.855,2,,,
46.765,-102.845,2,,,
46.765,-102.835,2,,,
46.765,-102.825,2,,,
46.765,-102.815,2,,,
46.765,-102.805,2,,,
46.765,-102.795,2,,,
46.765,-102.785,2,,,
46.765,-102.775,2,,,
46.765,-102.765,2,,,
46.765,-102.755,2,,,
46.765,-102.745,2,,,
46.765,-102.735,2,,,
46.765,-102.725,2,,,
46.765,-102.715,2,,,
46.765,-102.705,2,,,
46.765,-102.695,2,,,
46.765,-102.685,2,,,
46.765,-102.675,2,,,
46.765,-102.665,2,,,
46.765,-102.655,2,,,
46.765,-102.645,2,,,
46.765,-102.635,2,,,
46.765,-102.625,2,,,
46.765,-102.615,2,,,
46.765,-102.605,2,,,
46.765,-102.595,2,,,
46.765,-102.585,2,,,
46.765,-102.575,2,,,
46.765,-102.565,2,,,
46.765,-102.555,2,,,
46.765,-102.545,2,,,
46.765,-102.535,2,,,
46.765,-102.525,2,,,
46.765,-102.515,2,,,
46.765,-102.505,2,,,
46.765,-102.495,2,,,
46.765,-102.485,2,,,
46.765,-102.475,2,,,
46.765,-102.465,2,,,
46.765,-102.455,2,,,
46.765,-102.445,2,,,
46.765,-102.435,2,,,
46.765,-102.425,2,,,
46.765,-102.415,2,,,
46.765,-102.405,2,,,
46.755,-103.145,2,,,
46.755,-103.135,2,,,
46.755,-103.125,2,,,
46.755,-103.115,2,,,
46.755,-103.105,2,,,
46.755,-103.095,2,,,
46.755,-103.085,2,,,
46.755,-103.075,2,,,
46.755,-103.065,2,,,
46.755,-103.055,2,,,
46.755,-103.045,2,,,
46.755,-103.035,2,,,
46.755,-103.025,2,,,
46.755,-103.015,2,,,
46.755,-103.005,2,,,
46.755,-102.995,2,,,
46.755,-102.985,2,,,
46.755,-102.975,2,,,
46.755,-102.965,2,,,
46.755,-102.955,2,,,
46.755,-102.945,2,,,
46.755,-102.935,2,,,
46.755,-102.925,2,,,
46.755,-102.915,2,,,
46.755,-102.905,2,,,
46.755,-102.895,2,,,
46.755,-102.885,2,,,
46.755,-102.875,2,,,
46.755,-102.865,2,,,
46.755,-102.855,2,,,
46.755,-102.845,2,,,
46.755,-102.835,2,,,
46.755,-102.825,2,,,
46.755,-102.815,2,,,
46.755,-102.805,2,,,
46.755,-102.795,2,,,
46.755,-102.785,2,,,
46.755,-102.775,2,,,
46.755,-102.765,2,,,
46.755,-102.755,2,,,
46.755,-102.745,2,,,
46.755,-102.735,2,,,
46.755,-102.725,2,,,
46.755,-102.715,2,,,
46.755,-102.705,2,,,
46.755,-102.695,2,,,
46.755,-102.685,2,,,
46.755,-102.675,2,,,
46.755,-102.665,2,,,
46.755,-102.655,2,,,
46.755,-102.645,2,,,
46.755,-102.635,2,,,
46.755,-102.625,2,,,
46.755,-102.615,2,,,
46.755,-102.605,2,,,
46.755,-102.595,2,,,
46.755,-102.585,2,,,
46.755,-102.575,2,,,
46.755,-102.565,2,,,
46.755,-102.555,2,,,
46.755,-102.545,2,,,
46.755,-102.535,2,,,
46.755,-102.525,2,,,
46.755,-102.515,2,,,
46.755,-102.505,2,,,
46.755,-102.495,2,,,
46.755,-102.485,2,,,
46.755,-102.475,2,,,
46.755,-102.465,2,,,
46.755,-102.455,2,,,
46.755,-102.445,2,,,
46.755,-102.435,2,,,
46.755,-102.425,2,,,
46.755,-102.415,2,,,
46.755,-102.405,2,,,
46.745,-103.145,2,,,
46.745,-103.135,2,,,
46.745,-103.125,2,,,
46.745,-103.115,2,,,
46.745,-103.105,2,,,
46.745,-103.095,2,,,
46.745,-103.085,2,,,
46.745,-103.075,2,,,
46.745,-103.065,2,,,
46.745,-103.055,2,,,
46.745,-103.045,2,,,
46.745,-103.035,2,,,
46.745,-103.025,2,,,
46.745,-103.015,2,,,
46.745,-103.005,2,,,
46.745,-102.995,2,,,
46.745,-102.985,2,,,
46.745,-102.975,2,,,
46.745,-102.965,2,,,
46.745,-102.955,2,,,
46.745,-102.945,2,,,
46.745,-102.935,2,,,
46.745,-102.925,2,,,
46.745,-102.915,2,,,
46.745,-102.905,2,,,
46.745,-102.895,2,,,
46.745,-102.885,2,,,
46.745,-102.875,2,,,
46.745,-102.865,2,,,
46.745,-102.855,2,,,
46.745,-102.845,2,,,
46.745,-102.835,2,,,
46.745,-102.825,2,,,
46.745,-102.815,2,,,
46.745,-102.805,2,,,
46.745,-102.795,2,,,
46.745,-102.785,2,,,
46.745,-102.775,2,,,
46.745,-102.765,2,,,
46.745,-102.755,2,,,
46.745,-102.745,2,,,
46.745,-102.735,2,,,
46.745,-102.725,2,,,
46.745,-102.715,2,,,
46.745,-102.705,2,,,
46.745,-102.695,2,,,
46.745,-102.685,2,,,
46.745,-102.675,2,,,
46.745,-102.665,2,,,
46.745,-102.655,2,,,
46.745,-102.645,2,,,
46.745,-102.635,2,,,
46.745,-102.625,2,,,
46.745,-102.615,2,,,
46.745,-102.605,2,,,
46.745,-102.595,2,,,
46.745,-102.585,2,,,
46.745,-102.575,2,,,
46.745,-102.565,2,,,
46.745,-102.555,2,,,
46.745,-102.545,2,,,
46.745,-102.535,2,,,
46.745,-102.525,2,,,
46.745,-102.515,2,,,
46.745,-102.505,2,,,
46.745,-102.495,2,,,
46.745,-102.485,2,,,
46.745,-102.475,2,,,
46.745,-102.465,2,,,
46.745,-102.455,2,,,
46.745,-102.445,2,,,
46.745,-102.435,2,,,
46.745,-102.425,2,,,
46.745,-102.415,2,,,
46.745,-102.405,2,,,
46.735,-103.145,2,,,
46.735,-103.135,2,,,
46.735,-103.125,2,,,
46.735,-103.115,2,,,
46.735,-103.105,2,,,
46.735,-103.095,2,,,
46.735,-103.085,2,,,
46.735,-103.075,2,,,
46.735,-103.065,2,,,
46.735,-103.055,2,,,
46.735,-103.045,2,,,
46.735,-103.035,2,,,
46.735,-103.025,2,,,
46.735,-103.015,2,,,
46.735,-103.005,2,,,
46.735,-102.995,2,,,
46.735,-102.985,2,,,
46.735,-102.975,2,,,
46.735,-102.965,2,,,
46.735,-102.955,2,,,
46.735,-102.945,2,,,
46.735,-102.935,2,,,
46.735,-102.925,2,,,
46.735,-102.915,2,,,
46.735,-102.905,2,,,
46.735,-102.895,2,,,
46.735,-102.885,2,,,
46.735,-102.875,2,,,
46.735,-102.865,2,,,
46.735,-102.855,2,,,
46.735,-102.845,2,,,
46.735,-102.835,2,,,
46.735,-102.825,2,,,
46.735,-102.815,2,,,
46.735,-102.805,2,,,
46.735,-102.795,2,,,
46.735,-102.785,2,,,
46.735,-102.775,2,,,
46.735,-102.765,2,,,
46.735,-102.755,2,,,
46.735,-102.745,2,,,
46.735,-102.735,2,,,
46.735,-102.725,2,,,
46.735,-102.715,2,,,
46.735,-102.705,2,,,
46.735,-102.695,2,,,
46.735,-102.685,2,,,
46.735,-102.675,2,,,
46.735,-102.665,2,,,
46.735,-102.655,2,,,
46.735,-102.645,2,,,
46.735,-102.635,2,,,
46.735,-102.625,2,,,
46.735,-102.615,2,,,
46.735,-102.605,2,,,
46.735,-102.595,2,,,
46.735,-102.585,2,,,
46.735,-102.575,2,,,
46.735,-102.565,2,,,
46.735,-102.555,2,,,
46.735,-102.545,2,,,
46.735,-102.535,2,,,
46.735,-102.525,2,,,
46.735,-102.515,2,,,
46.735,-102.505,2,,,
46.735,-102.495,2,,,
46.735,-102.485,2,,,
46.735,-102.475,2,,,
46.735,-102.465,2,,,
46.735,-102.455,2,,,
46.735,-102.445,2,,,
46.735,-102.435,2,,,
46.735,-102.425,2,,,
46.735,-102.415,2,,,
46.735,-102.405,2,,,
46.725,-103.145,2,,,
46.725,-103.135,2,,,
46.725,-103.125,2,,,
46.725,-103.115,2,,,
46.725,-103.105,2,,,
46.725,-103.095,2,,,
46.725,-103.085,2,,,
46.725,-103.075,2,,,
46.725,-103.065,2,,,
46.725,-103.055,2,,,
46.725,-103.045,2,,,
46.725,-103.035,2,,,
46.725,-103.025,2,,,
46.725,-103.015,2,,,
46.725,-103.005,2,,,
46.725,-102.995,2,,,
46.725,-102.985,2,,,
46.725,-102.975,2,,,
46.725,-102.965,2,,,
46.725,-102.955,2,,,
46.725,-102.945,2,,,
46.725,-102.935,2,,,
46.725,-102.925,2,,,
46.725,-102.915,2,,,
46.725,-102.905,2,,,
46.725,-102.895,2,,,
46.725,-102.885,2,,,
46.725,-102.875,2,,,
46.725,-102.865,2,,,
46.725,-102.855,2,,,
46.725,-102.845,2,,,
46.725,-102.835,2,,,
46.725,-102.825,2,,,
46.725,-102.815,2,,,
46.725,-102.805,2,,,
46.725,-102.795,2,,,
46.725,-102.785,2,,,
46.725,-102.775,2,,,
46.725,-102.765,2,,,
46.725,-102.755,2,,,
46.725,-102.745,2,,,
46.725,-102.735,2,,,
46.725,-102.725,2,,,
46.725,-102.715,2,,,
46.725,-102.705,2,,,
46.725,-102.695,2,,,
46.725,-102.685,2,,,
46.725,-102.675,2,,,
46.725,-102.665,2,,,
46.725,-102.655,2,,,
46.725,-102.645,2,,,
46.725,-102.635,2,,,
46.725,-102.625,2,,,
46.725,-102.615,2,,,
46.725,-102.605,2,,,
46.725,-102.595,2,,,
46.725,-102.585,2,,,
46.725,-102.575,2,,,
46.725,-102.565,2,,,
46.725,-102.555,2,,,
46.725,-102.545,2,,,
46.725,-102.535,2,,,
46.725,-102.525,2,,,
46.725,-102.515,2,,,
46.725,-102.505,2,,,
46.725,-102.495,2,,,
46.725,-102.485,2,,,
46.725,-102.475,2,,,
46.725,-102.465,2,,,
46.725,-102.455,2,,,
46.725,-102.445,2,,,
46.725,-102.435,2,,,
46.725,-102.425,2,,,
46.725,-102.415,2,,,
46.725,-102.405,2,,,
46.715,-103.145,2,,,
46.715,-103.135,2,,,
46.715,-103.125,2,,,
46.715,-103.115,2,,,
46.715,-103.105,2,,,
46.715,-103.095,2,,,
46.715,-103.085,2,,,
46.715,-103.075,2,,,
46.715,-103.065,2,,,
46.715,-103.055,2,,,
46.715,-103.045,2,,,
46.715,-103.035,2,,,
46.715,-103.025,2,,,
46.715,-103.015,2,,,
46.715,-103.005,2,,,
46.715,-102.995,2,,,
46.715,-102.985,2,,,
46.715,-102.975,2,,,
46.715,-102.965,2,,,
46.715,-102.955,2,,,
46.715,-102.945,2,,,
46.715,-102.935,2,,,
46.715,-102.925,2,,,
46.715,-102.915,2,,,
46.715,-102.905,2,,,
46.715,-102.895,2,,,
46.715,-102.885,2,,,
46.715,-102.875,2,,,
46.715,-102.865,2,,,
46.715,-102.855,2,,,
46.715,-102.845,2,,,
46.715,-102.835,2,,,
46.715,-102.825,2,,,
46.715,-102.815,2,,,
46.715,-102.805,2,,,
46.715,-102.795,2,,,
46.715,-102.785,2,,,
46.715,-102.775,2,,,
46.715,-102.765,2,,,
46.715,-102.755,2,,,
46.715,-102.745,2,,,
46.715,-102.735,2,,,
46.715,-102.725,2,,,
46.715,-102.715,2,,,
46.715,-102.705,2,,,
46.715,-102.695,2,,,
46.715,-102.685,2,,,
46.715,-102.675,2,,,
46.715,-102.665,2,,,
46.715,-102.655,2,,,
46.715,-102.645,2,,,
46.715,-102.635,2,,,
46.715,-102.625,2,,,
46.715,-102.615,2,,,
46.715,-102.605,2,,,
46.715,-102.595,2,,,
46.715,-102.585,2,,,
46.715,-102.575,2,,,
46.715,-102.565,2,,,
46.715,-102.555,2,,,
46.715,-102.545,2,,,
46.715,-102.535,2,,,
46.715,-102.525,2,,,
46.715,-102.515,2,,,
46.715,-102.505,2,,,
46.715,-102.495,2,,,
46.715,-102.485,2,,,
46.715,-102.475,2,,,
46.715,-102.465,2,,,
46.715,-102.455,2,,,
46.715,-102.445,2,,,
46.715,-102.435,2,,,
46.715,-102.425,2,,,
46.715,-102.415,2,,,
46.715,-102.405,2,,,
46.705,-103.145,2,,,
46.705,-103.135,2,,,
46.705,-103.125,2,,,
46.705,-103.115,2,,,
46.705,-103.105,2,,,
46.705,-103.095,2,,,
46.705,-103.085,2,,,
46.705,-103.075,2,,,
46.705,-103.065,2,,,
46.705,-103.055,2,,,
46.705,-103.045,2,,,
46.705,-103.035,2,,,
46.705,-103.025,2,,,
46.705,-103.015,2,,,
46.705,-103.005,2,,,
46.705,-102.995,2,,,
46.705,-102.985,2,,,
46.705,-102.975,2,,,
46.705,-102.965,2,,,
46.705,-102.955,2,,,
46.705,-102.945,2,,,
46.705,-102.935,2,,,
46.705,-102.925,2,,,
46.705,-102.915,2,,,
46.705,-102.905,2,,,
46.705,-102.895,2,,,
46.705,-102.885,2,,,
46.705,-102.875,2,,,
46.705,-102.865,2,,,
46.705,-102.855,2,,,
46.705,-102.845,2,,,
46.705,-102.835,2,,,
46.705,-102.825,2,,,
46.705,-102.815,2,,,
46.705,-102.805,2,,,
46.705,-102.795,2,,,
46.705,-102.785,2,,,
46.705,-102.775,2,,,
46.705,-102.765,2,,,
46.705,-102.755,2,,,
46.705,-102.745,2,,,
46.705,-102.735,2,,,
46.705,-102.725,2,,,
46.705,-102.715,2,,,
46.705,-102.705,2,,,
46.705,-102.695,2,,,
46.705,-102.685,2,,,
46.705,-102.675,2,,,
46.705,-102.665,2,,,
46.705,-102.655,2,,,
46.705,-102.645,2,,,
46.705,-102.635,2,,,
46.705,-102.625,2,,,
46.705,-102.615,2,,,
46.705,-102.605,2,,,
46.705,-102.595,2,,,
46.705,-102.585,2,,,
46.705,-102.575,2,,,
46.705,-102.565,2,,,
46.705,-102.555,2,,,
46.705,-102.545,2,,,
46.705,-102.535,2,,,
46.705,-102.525,2,,,
46.705,-102.515,2,,,
46.705,-102.505,2,,,
46.705,-102.495,2,,,
46.705,-102.485,2,,,
46.705,-102.475,2,,,
46.705,-102.465,2,,,
46.705,-102.455,2,,,
46.705,-102.445,2,,,
46.705,-102.435,2,,,
46.705,-102.425,2,,,
46.705,-102.415,2,,,
46.705,-102.405,2,,,
